fav_cnt,play_cnt,tid,title,uin,encrypt_uin,nick,class
1638,112712,8855463316,柠萌菌私藏丨二次元催泪神曲！,316123236,oi6soK-iowos,柠萌菌,3317
2211,69464,8859235610,2023年3月古典唱片推荐,1329196694,oKoANK6q7wCq7n**,橄榄古典音乐,3317
5538,322080,8843569813,琦屿私藏｜催泪故事性漫剪神曲,1342501948,oKoPow4zoKEPNn**,琦屿QIYU,3317
875,30921,8837802796,2023年2月古典唱片推荐,1329196694,oKoANK6q7wCq7n**,橄榄古典音乐,3317
545,30697,8837677761,当代音乐新唱片推荐,1329196694,oKoANK6q7wCq7n**,橄榄古典音乐,3317
1571,107018,8827916703,粽子酱私藏｜回忆起看动漫时的感动,1584837223,oK4F7eci7i-Aoz**,粽子酱,3317
2339,154834,8821679013,柠萌菌私藏｜剪辑常用的动漫神曲,316123236,oi6soK-iowos,柠萌菌,3317
557,34947,8820617480,玩偶菌私藏|强烈的情绪往事,836373219,NeosoiSiow6q,玩偶菌,3317
609,70861,8814338625,一场音乐里的春日预备,3359405129,oiokNKvz7K6ANv**,宇宙好歌,3317
912,39973,8816268404,收！一份春日古典BGM～,1329196694,oKoANK6q7wCq7n**,橄榄古典音乐,3317
5595,512900,8816124327,耳帝精选｜2023全球流行歌单,2312969460,owo5owEsNKvson**,耳帝,3317
22502,1730569,8807683122,ACG｜新海诚全系列作品主题曲&插入曲,2965779389,owEs7KSlNKoFNv**,folatingdream-,3317
1381,75639,8799084645,第65届格莱美获奖古典唱片,1329196694,oKoANK6q7wCq7n**,橄榄古典音乐,3317
1564,208659,8776883608,春节快乐！新年背景音乐在此,1329196694,oKoANK6q7wCq7n**,橄榄古典音乐,3317
581,46916,8754779494,“阳康”疗愈古典歌单,1329196694,oKoANK6q7wCq7n**,橄榄古典音乐,3317
628,28102,8718363260,2022年11月古典唱片推荐,1329196694,oKoANK6q7wCq7n**,橄榄古典音乐,3317
758,48762,8693803726,宠物也爱的古典音乐,1329196694,oKoANK6q7wCq7n**,橄榄古典音乐,3317
627,50504,8661012619,夜之乐章,1329196694,oKoANK6q7wCq7n**,橄榄古典音乐,3317
939,44899,8636475516,「下城往事」声音的艺术特别企划 ,2783429033,owSFoivANKnioz**,QQ音乐官方歌单,3317
1871,197206,8632380035,比较古典：巴赫哥德堡变奏曲,1329196694,oKoANK6q7wCq7n**,橄榄古典音乐,3317
603,68427,8625132211,不要和摇滚乐手谈恋爱,3359405129,oiokNKvz7K6ANv**,宇宙好歌,3317
1582,131173,8622987601,"停止EMO,电音也可以很治愈",3359405129,oiokNKvz7K6ANv**,宇宙好歌,3317
404,44646,8616296757,99公益日：音乐树洞救援队,2783429033,owSFoivANKnioz**,QQ音乐官方歌单,3317
377,30363,8609126481,炼金术士，HipHop花式采样,3359405129,oiokNKvz7K6ANv**,宇宙好歌,3317
1069,78709,8575835054,S厂出品：夏日飞盘大作战,3383878865,oioFoiclNecs7v**,Spinnin’ Records,3317
363,76547,8601363532,HITFM·Top20 榜单｜8月第四期,1816894842,oKc57wcq7ecPoc**,HIT,3317
159,20297,8601351159,HITFM·Rock DJ｜8月第四期,385681975,oick7wc5NKSk,Rock DJ,3317
1081,203817,8601375685,城市新旅行——跑步篇,3483634065,oivFoiCi7ens7v**,Hit the Road,3317
687,112504,8536118769,轻快节奏，夏末郊游指南,3359405129,oiokNKvz7K6ANv**,宇宙好歌,3317
762,117684,8577237738,R3HAB推荐✧喜欢EDM的你一定要冲,3303739770,oiozoiSiNKSlon**,综艺全能鹅,3317
370,31541,8593132777,城市新旅行——慢生活篇,3483634065,oivFoiCi7ens7v**,Hit the Road,3317
112,23389,8593959145,HITFM·Rock DJ｜8月第三期,385681975,oick7wc5NKSk,Rock DJ,3317
156,34069,8593990036,HITFM·Top20 榜单｜8月第三期,1816894842,oKc57wcq7ecPoc**,HIT,3317
153,23556,8585500834,HITFM·Top20 榜单｜8月第二期,1816894842,oKc57wcq7ecPoc**,HIT,3317
106,27462,8585466745,HITFM·Rock DJ｜8月第二期,385681975,oick7wc5NKSk,Rock DJ,3317
365,38406,8585241476,城市新旅行——骑行篇,3483634065,oivFoiCi7ens7v**,Hit the Road,3317
256,27922,8577430948,畅游中国的世界遗产,3483634065,oivFoiCi7ens7v**,Hit the Road,3317
244,66501,8577303983,HITFM·Top20 榜单｜8月第一期,1816894842,oKc57wcq7ecPoc**,HIT,3317
92,21244,8577342112,HITFM·Rock DJ｜8月第一期,385681975,oick7wc5NKSk,Rock DJ,3317
2954,549899,8526331584,毕业季：致最好的我们,1034946507,oKni7eEP7w4z7z**,淺海映像館,3317
fav_cnt,play_cnt,tid,title,uin,encrypt_uin,nick,class
715,139758,8512154818,致了不起的老爸,1034946507,oKni7eEP7w4z7z**,淺海映像館,3317
402,53969,8495573559,TOHOanimation 官方精选,2758494660,owSkNevq7eCson**,TOHOanimationRECORDS,3317
592,45080,8495492263,YAMAHA 官方精选,2977932968,owEl7iEiowEsNn**,YAMAHA MUSIC EH,3317
123,17252,8495596106,TV ASAHI 官方精选,643611147,7wvi7w65oKvl,TVASAHIMUSIC,3317
3654,542907,8494550171,潮石音乐精选·薛之谦,2753401879,owSkoivzoKclNv**,潮石音乐,3317
11153,1361765,8479948325,Lil Ghost 小鬼-王琳凯官方精选,2783429033,owSFoivANKnioz**,QQ音乐官方歌单,3317
405,60271,8470423257,大象有风官方精选,2184304205,ow6F7eoz7e-z7v**,大象有风,3317
617,58718,8218991299,听音乐，学急救 | 心肺复苏节奏训练,2783429033,owSFoivANKnioz**,QQ音乐官方歌单,3317
637,33215,8472990705,身临其境博物馆,1366341829,oKos7woPoKcANv**,身临其境博物馆,3317
5882,1664517,8446971448,操场狂奔180BPM｜Keep x QQ音乐,721165198,7i-5oKCkoKEF,Keep-自律给我自由,3317
2497,757511,8446982902,清晨焕活160BPM｜Keep x QQ音乐,721165198,7i-5oKCkoKEF,Keep-自律给我自由,3317
2723,769555,8446988909,沉浸科切拉180BPM｜Keep x QQ音乐,721165198,7i-5oKCkoKEF,Keep-自律给我自由,3317
3352,1357713,8446997603,摇滚慢跑140BPM｜Keep x QQ音乐,721165198,7i-5oKCkoKEF,Keep-自律给我自由,3317
2028,134967,8447024444,我在春天里 一脚跳进音乐剧的坑,2327029717,owoA7inANKS57z**,深圳保利剧院,3317
253,23786,8416949204,「寻声万物」世界地球日公益企划,1722689509,oKSAowCFNK4zNv**,Discovery Earth Day,3317
1587,404385,8407803512,华研国际音乐精选,2715103416,owS57K6zoiv57c**,华研国际音乐,3317
279,23634,8198445125,A-Sketch官方精选,1152921505135925233,oK6kowEAoK4z7K6i7KEA7K-ioz**,A-Sketch,3317
426,25089,8428968479,「寻找宇宙之声」世界航天日特别企划,3064809915,oins7eczNKE57v**,红砖美术馆,3317
1710,112295,8386490473,迪士尼金曲 · 女声力量,1841473449,oKcPoKvloivPNv**,环球音乐国际部,3317
487,144899,8380456885,女声3.8｜自信美丽爱自己,2814458728,owc57evkNeSANn**,索尼音乐娱乐,3317
403,87840,8382751610,全力以赴 | 生命因运动而精彩,2814458728,owc57evkNeSANn**,索尼音乐娱乐,3317
4558,1120924,8322221248,2021国风音乐人私藏：一人一首,3217856309,oi-57ick7wozNv**,国风集,3317
789,404632,8251015081,新鲜制造官方精选,1938275632,oKEiNe-l7KCioc**,新鲜制造,3317
283,131258,8225226540,新湃官方精选,3422460900,oivAowvsoeEzon**,新湃传媒,3317
563,179176,8040991124,Being官方精选,45373934,7e4i7ioqoiv*,B ZONE_Official,3317
2415,753996,7956999472,电波周放送｜原创新歌精选,1600207358,oKCzoe-z7iokNn**,脉冲星电波,3317
16270,861341,5510241569,环球官方精选,1841473449,oKcPoKvloivPNv**,环球音乐国际部,3317
6383,605963,7913233767,华纳新歌精选,2745492738,owSP7KvqowSiNn**,华纳音乐国际,3317
8481,686532,7908544356,索尼新歌精选,2814458728,owc57evkNeSANn**,索尼音乐娱乐,3317
583,73967,8146928133,Believe官方精选,2891766904,owcqoKSs7wEz7n**,Believe,3317
966,78017,7928680624,迪士尼旋律 · 重返校园,1841473449,oKcPoKvloivPNv**,环球音乐国际部,3317
5157,1048953,7923906096,迪士尼精选 ,1841473449,oKcPoKvloivPNv**,环球音乐国际部,3317
2529,695271,7924926740,迪士尼 • 皮克斯精选,1841473449,oKcPoKvloivPNv**,环球音乐国际部,3317
1792,103048,7924942309,漫威电影原声音乐,1841473449,oKcPoKvloivPNv**,环球音乐国际部,3317
583,43659,7927400257,星球大战精选音乐,1841473449,oKcPoKvloivPNv**,环球音乐国际部,3317
752,37845,7928593681,迪士尼夏日歌曲,1841473449,oKcPoKvloivPNv**,环球音乐国际部,3317
931,86338,7411464594,迪士尼爱恋金曲,1841473449,oKcPoKvloivPNv**,环球音乐国际部,3317
4769,540190,7810154978,迪士尼节日歌曲选集,1841473449,oKcPoKvloivPNv**,环球音乐国际部,3317
1582,328131,8074751338,迪士尼万圣节,1841473449,oKcPoKvloivPNv**,环球音乐国际部,3317
2352,118125,8072832532,The Orchard日音精选,2644566324,owCP7e4s7woA7n**,The Orchard_Official,3317
1325,423213,7941065333,EMI官方精选,2549276501,ow4PNK-l7w4zov**,EMI华语官方账号,3317
1340,223330,4269050265,Liquid State厂牌官方精选,1328426244,oKoANevA7w-P7n**,Liquid State,3317
1347,159476,8017918570,哇唧唧哇官方精选,2714462972,owS57evsowEloc**,哇唧唧哇,3317
942,173455,7992873861,The Orchard官方精选,2644566324,owCP7e4s7woA7n**,The Orchard_Official,3317
4177,478268,7931239035,迪士尼旋律 · 好梦,1841473449,oKcPoKvloivPNv**,环球音乐国际部,3317
1776,153049,7456611138,街声官方精选,3499003647,oivqNKnzoiCP7z**,StreetVoice街声,3317
6706,2058144,7916304966,华研国际丨重拾你的青春回忆,2783429033,owSFoivANKnioz**,QQ音乐官方歌单,3317
1250,134931,7913743213,麦爱文化丨徐梦圆携国风电音全线回归,2783429033,owSFoivANKnioz**,QQ音乐官方歌单,3317
7784,1085954,7875578258,迪士尼旋律 · 好吃,1841473449,oKcPoKvloivPNv**,环球音乐国际部,3317
946,235067,7834632989,Supper Moment私藏,2783429033,owSFoivANKnioz**,QQ音乐官方歌单,3317
6047,2169644,7826291574,2020综艺 Top 100,2783429033,owSFoivANKnioz**,QQ音乐官方歌单,3317
4756,1354265,7826290487,2020影视 Top 100,2783429033,owSFoivANKnioz**,QQ音乐官方歌单,3317
17629,4139475,7826288639,2020国风 Top 100,2783429033,owSFoivANKnioz**,QQ音乐官方歌单,3317
25894,10916540,7826284157,2020电音 Top 100,2783429033,owSFoivANKnioz**,QQ音乐官方歌单,3317
11120,4528755,7826295367,2020说唱 Top 100,2783429033,owSFoivANKnioz**,QQ音乐官方歌单,3317
11672,5111393,7826297110,2020韩语流行 Top 100,2783429033,owSFoivANKnioz**,QQ音乐官方歌单,3317
20943,5078267,7825263613,2020日语流行 Top 100,2783429033,owSFoivANKnioz**,QQ音乐官方歌单,3317
16955,7512022,7824267360,2020粤语流行 Top 100,2783429033,owSFoivANKnioz**,QQ音乐官方歌单,3317
27384,7752388,7823130341,2020英语流行 Top 100,2783429033,owSFoivANKnioz**,QQ音乐官方歌单,3317
28753,10404213,7819310768,2020国语流行 Top 100,2783429033,owSFoivANKnioz**,QQ音乐官方歌单,3317
fav_cnt,play_cnt,tid,title,uin,encrypt_uin,nick,class
3955,893171,7794349504,SHOW ME THE MONEY 9,2783429033,owSFoivANKnioz**,QQ音乐官方歌单,3317
17848,2974071,7509960921,INDIE VIBE 独立音乐人,2783429033,owSFoivANKnioz**,QQ音乐官方歌单,3317
30700,20289451,7227158135,华语周速递,2783429033,owSFoivANKnioz**,QQ音乐官方歌单,3317
41290,11839566,7227200673,欧美周速递,2783429033,owSFoivANKnioz**,QQ音乐官方歌单,3317
25270,4966029,7227156733,KPOP周速递,2783429033,owSFoivANKnioz**,QQ音乐官方歌单,3317
10195,1558236,7227240153,JPOP周速递,2783429033,owSFoivANKnioz**,QQ音乐官方歌单,3317
34004,21783997,7356890630,粤语周速递,2783429033,owSFoivANKnioz**,QQ音乐官方歌单,3317
1296,549797,7632598523,Space Shower官方精选,2783429033,owSFoivANKnioz**,QQ音乐官方歌单,3317
121530,26840986,4264151345,独立内核,2783429033,owSFoivANKnioz**,QQ音乐官方歌单,3317
495,99999,7803763678,新歌节目周盘点,2783429033,owSFoivANKnioz**,QQ音乐官方歌单,3317
24868,5721674,7645300560,最·Maroon 5,2783429033,owSFoivANKnioz**,QQ音乐官方歌单,3317
43692,5675381,7645964097,最·张艺兴,2783429033,owSFoivANKnioz**,QQ音乐官方歌单,3317
18809,1964706,7593095809,果然娱乐精选 | 果然，太Wow啦,2783429033,owSFoivANKnioz**,QQ音乐官方歌单,3317
5511,937168,7589083902,方大同私藏,2783429033,owSFoivANKnioz**,QQ音乐官方歌单,3317
214363,97562481,7001048679,最·周杰伦,2783429033,owSFoivANKnioz**,QQ音乐官方歌单,3317
6593,1911670,7580008332,最·霍尊,2783429033,owSFoivANKnioz**,QQ音乐官方歌单,3317
5228,1757403,7580068215,最·郑钧,2783429033,owSFoivANKnioz**,QQ音乐官方歌单,3317
210979,162288335,4265835817,下一首情歌,2783429033,owSFoivANKnioz**,QQ音乐官方歌单,3317
250925,91342384,4264150135,不简单女声,2783429033,owSFoivANKnioz**,QQ音乐官方歌单,3317
46738,9851743,5123738370,UrbanFlow,2783429033,owSFoivANKnioz**,QQ音乐官方歌单,3317
16340,3478065,7020596025,Urban / MusicAllGroove,2783429033,owSFoivANKnioz**,QQ音乐官方歌单,3317
22276,1756355,7568158174,Taylor Swift:City of Lover现场歌单,2783429033,owSFoivANKnioz**,QQ音乐官方歌单,3317
54951,9615392,5562333206,日本独立音乐,2783429033,owSFoivANKnioz**,QQ音乐官方歌单,3317
38006,20257915,7100401222,粵声乐色,2783429033,owSFoivANKnioz**,QQ音乐官方歌单,3317
8127,823107,7559509511,日系| 夏の歌,2783429033,owSFoivANKnioz**,QQ音乐官方歌单,3317
40034,11649983,7501335923,滚石官方精选,2783429033,owSFoivANKnioz**,QQ音乐官方歌单,3317
4373,326814,7523631123,AVEX官方精选,2783429033,owSFoivANKnioz**,QQ音乐官方歌单,3317
5393,751130,7502920415,JYP官方精选,2783429033,owSFoivANKnioz**,QQ音乐官方歌单,3317
2089,338208,7534393427,最·Alicia Keys,2783429033,owSFoivANKnioz**,QQ音乐官方歌单,3317
1276,165467,7543271251,最·OOHYO,2783429033,owSFoivANKnioz**,QQ音乐官方歌单,3317
8322,461391,7516585367,最·花泽香菜,2783429033,owSFoivANKnioz**,QQ音乐官方歌单,3317
27110,6024357,6984920087,最·WINNER,2783429033,owSFoivANKnioz**,QQ音乐官方歌单,3317
10313,1739218,7512268857,最·Dua Lipa,2783429033,owSFoivANKnioz**,QQ音乐官方歌单,3317
1681,109730,7522251885,最·东京事变,2783429033,owSFoivANKnioz**,QQ音乐官方歌单,3317
5519,631994,7490957660,最·岚,2783429033,owSFoivANKnioz**,QQ音乐官方歌单,3317
8068,447858,7490440586,Being官方精选,2783429033,owSFoivANKnioz**,QQ音乐官方歌单,3317
447,69075,7490448766,ICHIGO RECORDS,2783429033,owSFoivANKnioz**,QQ音乐官方歌单,3317
217629,33952220,7487144944,最·BLACKPINK,2783429033,owSFoivANKnioz**,QQ音乐官方歌单,3317
7093,1433122,7483738377,最·The Weeknd,2783429033,owSFoivANKnioz**,QQ音乐官方歌单,3317
3936,274381,7482064311,Lauv私藏歌单,2783429033,owSFoivANKnioz**,QQ音乐官方歌单,3317
8429,2121911,7437798829,莫文蔚私藏,2783429033,owSFoivANKnioz**,QQ音乐官方歌单,3317
4366,1382401,7460118092,粤语|演绎经典,2783429033,owSFoivANKnioz**,QQ音乐官方歌单,3317
1085,109711,7455508773,最·Lou Reed,2783429033,owSFoivANKnioz**,QQ音乐官方歌单,3317
1626,671130,7437734746,2019年度劲歌金曲奖,2783429033,owSFoivANKnioz**,QQ音乐官方歌单,3317
84622,65058112,7439124555,粤语|经典回忆录,2783429033,owSFoivANKnioz**,QQ音乐官方歌单,3317
1332,118367,7437455794,最·Glass Animals,2783429033,owSFoivANKnioz**,QQ音乐官方歌单,3317
3418,454042,7435491048,最·Dr.Dre,2783429033,owSFoivANKnioz**,QQ音乐官方歌单,3317
2295,532870,7422879209,最·苏慧伦,2783429033,owSFoivANKnioz**,QQ音乐官方歌单,3317
7216,1456987,7427465638,最·Sam Smith,2783429033,owSFoivANKnioz**,QQ音乐官方歌单,3317
3304,443520,7422208092,最·Khalid,2783429033,owSFoivANKnioz**,QQ音乐官方歌单,3317
3309,266204,7414773962,iKON私藏,2783429033,owSFoivANKnioz**,QQ音乐官方歌单,3317
3664,505122,7401432755,水晶男孩私藏,2783429033,owSFoivANKnioz**,QQ音乐官方歌单,3317
8065,3215950,6337012940,春节许愿池,2783429033,owSFoivANKnioz**,QQ音乐官方歌单,3317
10977,1085299,7427954695,环球官方精选,2783429033,owSFoivANKnioz**,QQ音乐官方歌单,3317
4385,430491,7427948114,索尼新歌精选,2783429033,owSFoivANKnioz**,QQ音乐官方歌单,3317
4022,470351,7427945911,华纳官方精选,2783429033,owSFoivANKnioz**,QQ音乐官方歌单,3317
5925,2432850,7388807058,回家路上的歌,2783429033,owSFoivANKnioz**,QQ音乐官方歌单,3317
7901,2953139,7287826095,华语| 逆向生长,2783429033,owSFoivANKnioz**,QQ音乐官方歌单,3317
82817,36422993,7319176779,神级·LIVE,2783429033,owSFoivANKnioz**,QQ音乐官方歌单,3317
32907,9040496,7357060291,节奏实验室,2783429033,owSFoivANKnioz**,QQ音乐官方歌单,3317
fav_cnt,play_cnt,tid,title,uin,encrypt_uin,nick,class
10590,4443562,7317843327,谢谢你 谢谢我,2783429033,owSFoivANKnioz**,QQ音乐官方歌单,3317
621,179712,7407142958,吐槽大会萧亚轩专场,2783429033,owSFoivANKnioz**,QQ音乐官方歌单,3317
14356,5665287,7297871790,华语流行|暗恋逃生口,2783429033,owSFoivANKnioz**,QQ音乐官方歌单,3317
12563,2324708,7297896496,白首待君还,2783429033,owSFoivANKnioz**,QQ音乐官方歌单,3317
4758,2228754,7299398876,华语| 愉悦气息,2783429033,owSFoivANKnioz**,QQ音乐官方歌单,3317
5542,2012181,7299400624,华语| 自愈指南,2783429033,owSFoivANKnioz**,QQ音乐官方歌单,3317
4155,1886212,7295561382,华语| 心花怒放,2783429033,owSFoivANKnioz**,QQ音乐官方歌单,3317
10545,1991538,7295800284,欧美流行|北欧女声,2783429033,owSFoivANKnioz**,QQ音乐官方歌单,3317
61013,15281977,7295807100,国风| 思君谣,2783429033,owSFoivANKnioz**,QQ音乐官方歌单,3317
18294,4163815,7289127673,追星星的人,2783429033,owSFoivANKnioz**,QQ音乐官方歌单,3317
6520,1621838,7289042850,恋爱行星,2783429033,owSFoivANKnioz**,QQ音乐官方歌单,3317
4188,1003998,7289014954,华语| 狂欢吧,2783429033,owSFoivANKnioz**,QQ音乐官方歌单,3317
3168,1077769,7288957140,华语流行|已读不回,2783429033,owSFoivANKnioz**,QQ音乐官方歌单,3317
2760,1181074,7288956231,华语流行|眼泪的重量,2783429033,owSFoivANKnioz**,QQ音乐官方歌单,3317
2606,555196,7288955264,华语放克| 浓烈节拍,2783429033,owSFoivANKnioz**,QQ音乐官方歌单,3317
10293,4627190,7288953395,华语| 焦糖人生,2783429033,owSFoivANKnioz**,QQ音乐官方歌单,3317
3499,420021,7287914163,Urban厂牌合辑| GO$H MUSIC,2783429033,owSFoivANKnioz**,QQ音乐官方歌单,3317
4114,483284,7287898924,Urban厂牌合辑| SUP MUSIC,2783429033,owSFoivANKnioz**,QQ音乐官方歌单,3317
1278,85699,7287892714,Urban厂牌合辑| CHEE精气神,2783429033,owSFoivANKnioz**,QQ音乐官方歌单,3317
363,84898,7378364419,吐槽大会朱丹专场,2783429033,owSFoivANKnioz**,QQ音乐官方歌单,3317
1567,170967,7368992809,吐槽大会周震南专场,2783429033,owSFoivANKnioz**,QQ音乐官方歌单,3317
1146,232929,7358517539,吐槽大会郑钧专场,2783429033,owSFoivANKnioz**,QQ音乐官方歌单,3317
1601,282256,7349332730,吐槽大会PDD专场,2783429033,owSFoivANKnioz**,QQ音乐官方歌单,3317
1210,204382,7339784695,吐槽大会孙杨专场,2783429033,owSFoivANKnioz**,QQ音乐官方歌单,3317
1354,270822,7330647975,吐槽大会甄子丹专场,2783429033,owSFoivANKnioz**,QQ音乐官方歌单,3317
2217,411716,7321491492,吐槽大会李佳琦专场,2783429033,owSFoivANKnioz**,QQ音乐官方歌单,3317
8164,745505,7287825028,华语| 考研备战BGM,2783429033,owSFoivANKnioz**,QQ音乐官方歌单,3317
2921,286800,7287811618,Urban厂牌合辑| M_DSK,2783429033,owSFoivANKnioz**,QQ音乐官方歌单,3317
6710,1275887,7287727425,欧美女声| 极致个性,2783429033,owSFoivANKnioz**,QQ音乐官方歌单,3317
1729,445919,7287526421,华语独立女声,2783429033,owSFoivANKnioz**,QQ音乐官方歌单,3317
5778,985534,7286612368,华语| 阅读时间,2783429033,owSFoivANKnioz**,QQ音乐官方歌单,3317
1582,899915,7286611153,华语| 梳妆台时光,2783429033,owSFoivANKnioz**,QQ音乐官方歌单,3317
3483,1203370,7286446806,华语| 魅惑女声,2783429033,owSFoivANKnioz**,QQ音乐官方歌单,3317
21822,1906317,7285384937,华语| 学霸刷题中,2783429033,owSFoivANKnioz**,QQ音乐官方歌单,3317
22432,18260504,7285342732,华语流行|与我无关,2783429033,owSFoivANKnioz**,QQ音乐官方歌单,3317
74385,36143831,7285280667,华语| 失恋诊疗所,2783429033,owSFoivANKnioz**,QQ音乐官方歌单,3317
8047,1293938,7285279535,华语| 减压降噪,2783429033,owSFoivANKnioz**,QQ音乐官方歌单,3317
12180,2598416,7280831999,纯音乐| 梦中的婚礼,2783429033,owSFoivANKnioz**,QQ音乐官方歌单,3317
12006,7709235,7280801712,华语流行| 恋人未满,2783429033,owSFoivANKnioz**,QQ音乐官方歌单,3317
3067,511071,7280776631,华语醉爵士,2783429033,owSFoivANKnioz**,QQ音乐官方歌单,3317
4931,2249638,7280754418,华语| 放肆去爱,2783429033,owSFoivANKnioz**,QQ音乐官方歌单,3317
4603,441111,7280737441,Jazz-Hip Hop| 环游任意门,2783429033,owSFoivANKnioz**,QQ音乐官方歌单,3317
23253,9489107,7280726307,华语 | 暖心民谣,2783429033,owSFoivANKnioz**,QQ音乐官方歌单,3317
59487,30724569,7280526523,粤语经典留声,2783429033,owSFoivANKnioz**,QQ音乐官方歌单,3317
15693,9569981,7280525088,华语| 修复心情,2783429033,owSFoivANKnioz**,QQ音乐官方歌单,3317
14256,2697483,7280523556,轻音乐| 灵感迸发时刻,2783429033,owSFoivANKnioz**,QQ音乐官方歌单,3317
3047,401493,7280517572,Urban厂牌合辑| H1GHR MUSIC,2783429033,owSFoivANKnioz**,QQ音乐官方歌单,3317
2843,380976,7280405611,华语| 迷人嗓音,2783429033,owSFoivANKnioz**,QQ音乐官方歌单,3317
6870,1550137,7280195815,华语| 捕获少女心,2783429033,owSFoivANKnioz**,QQ音乐官方歌单,3317
21917,3035041,7280121846,恋爱粉色系,2783429033,owSFoivANKnioz**,QQ音乐官方歌单,3317
23149,2515099,7280120632,历届奥斯卡最佳原创歌曲,2783429033,owSFoivANKnioz**,QQ音乐官方歌单,3317
6627,987726,7280119357,告白神器,2783429033,owSFoivANKnioz**,QQ音乐官方歌单,3317
4962,765443,7280118051,一箱情愿,2783429033,owSFoivANKnioz**,QQ音乐官方歌单,3317
4904,475668,7280116754,婚礼纯音乐,2783429033,owSFoivANKnioz**,QQ音乐官方歌单,3317
4265,743472,7280115435,结婚进行时,2783429033,owSFoivANKnioz**,QQ音乐官方歌单,3317
9117,1870892,7280084610,华语| 致初恋,2783429033,owSFoivANKnioz**,QQ音乐官方歌单,3317
1642,327033,7280083304,华语| 静夜思,2783429033,owSFoivANKnioz**,QQ音乐官方歌单,3317
2411,688492,7279322761,华语| 浪漫时光,2783429033,owSFoivANKnioz**,QQ音乐官方歌单,3317
2041,504452,7279319623,华语流行|面朝大海,2783429033,owSFoivANKnioz**,QQ音乐官方歌单,3317
1328,231806,7279318155,华语|舞动人生,2783429033,owSFoivANKnioz**,QQ音乐官方歌单,3317
fav_cnt,play_cnt,tid,title,uin,encrypt_uin,nick,class
1502,266227,7279316738,华语| 和你一起去看海,2783429033,owSFoivANKnioz**,QQ音乐官方歌单,3317
1933,252696,7279298499,华语| 梦幻游乐场,2783429033,owSFoivANKnioz**,QQ音乐官方歌单,3317
11775,3998659,7279288437,华语| 拾起回忆,2783429033,owSFoivANKnioz**,QQ音乐官方歌单,3317
2230,287220,7279287028,华语| 城市逃生计划,2783429033,owSFoivANKnioz**,QQ音乐官方歌单,3317
806,233023,7279285642,华语| 百变衣橱,2783429033,owSFoivANKnioz**,QQ音乐官方歌单,3317
876,76222,7279284220,华语| 厨房时间,2783429033,owSFoivANKnioz**,QQ音乐官方歌单,3317
4117,390436,7279282711,欧美摇滚 | 生活有态度,2783429033,owSFoivANKnioz**,QQ音乐官方歌单,3317
12411,1822358,7279281324,法语香颂| 假装在巴黎,2783429033,owSFoivANKnioz**,QQ音乐官方歌单,3317
71099,19688440,7279279812,欧美| 唤醒活力,2783429033,owSFoivANKnioz**,QQ音乐官方歌单,3317
3473,1591220,7279278409,华语| 听说爱情,2783429033,owSFoivANKnioz**,QQ音乐官方歌单,3317
18310,7740109,7279276938,华语| 治愈小调,2783429033,owSFoivANKnioz**,QQ音乐官方歌单,3317
7344,2447336,7279275468,华语| 默写青春,2783429033,owSFoivANKnioz**,QQ音乐官方歌单,3317
4823,572037,7279273975,华语|不规则人生,2783429033,owSFoivANKnioz**,QQ音乐官方歌单,3317
2586,641769,7279258411,轻松华语| 公园一起走,2783429033,owSFoivANKnioz**,QQ音乐官方歌单,3317
4133,721406,7279249914,华语流行|糖果心情,2783429033,owSFoivANKnioz**,QQ音乐官方歌单,3317
2824,284672,7279248498,Urban厂牌合辑| AMBITION MUSIK,2783429033,owSFoivANKnioz**,QQ音乐官方歌单,3317
1740,771555,7279247163,华语| 不期而遇,2783429033,owSFoivANKnioz**,QQ音乐官方歌单,3317
15655,1935335,7279245816,欧美| 轻快节拍,2783429033,owSFoivANKnioz**,QQ音乐官方歌单,3317
16071,1642879,7279244455,欧美| 奔放节奏,2783429033,owSFoivANKnioz**,QQ音乐官方歌单,3317
13444,4857134,7279243112,中国民歌大会,2783429033,owSFoivANKnioz**,QQ音乐官方歌单,3317
483,88422,7279241653,快乐女声,2783429033,owSFoivANKnioz**,QQ音乐官方歌单,3317
537,76765,7279240227,快乐男声,2783429033,owSFoivANKnioz**,QQ音乐官方歌单,3317
3588,647109,7279238852,这！就是歌唱·对唱季,2783429033,owSFoivANKnioz**,QQ音乐官方歌单,3317
1994,387135,7279237529,华语流行|勇攀高峰,2783429033,owSFoivANKnioz**,QQ音乐官方歌单,3317
1435,78813,7279236103,幻乐之城,2783429033,owSFoivANKnioz**,QQ音乐官方歌单,3317
2803,581776,7279234737,中国之星,2783429033,owSFoivANKnioz**,QQ音乐官方歌单,3317
4058,361340,7279233446,潮音战纪,2783429033,owSFoivANKnioz**,QQ音乐官方歌单,3317
21548,1858884,7279232151,国风美少年,2783429033,owSFoivANKnioz**,QQ音乐官方歌单,3317
5934,2123556,7279230862,我想和你唱,2783429033,owSFoivANKnioz**,QQ音乐官方歌单,3317
1762,286651,7279229466,天籁之战,2783429033,owSFoivANKnioz**,QQ音乐官方歌单,3317
30526,3229416,7279228124,经典咏流传,2783429033,owSFoivANKnioz**,QQ音乐官方歌单,3317
3470,259004,7279226679,中国乐队,2783429033,owSFoivANKnioz**,QQ音乐官方歌单,3317
2858,985185,7279225227,中国梦之声,2783429033,owSFoivANKnioz**,QQ音乐官方歌单,3317
13092,2462606,7279223883,青春有你,2783429033,owSFoivANKnioz**,QQ音乐官方歌单,3317
3233,580084,7279222625,中国好歌曲,2783429033,owSFoivANKnioz**,QQ音乐官方歌单,3317
2618,334638,7279221283,最美和声,2783429033,owSFoivANKnioz**,QQ音乐官方歌单,3317
11815,4446708,7279219924,金曲捞,2783429033,owSFoivANKnioz**,QQ音乐官方歌单,3317
8492,1068804,7279218618,即刻电音,2783429033,owSFoivANKnioz**,QQ音乐官方歌单,3317
19842,3349693,7279217296,创造101,2783429033,owSFoivANKnioz**,QQ音乐官方歌单,3317
8113,1438268,7279216081,这！就是原创,2783429033,owSFoivANKnioz**,QQ音乐官方歌单,3317
11765,2420467,7279214852,我是唱作人,2783429033,owSFoivANKnioz**,QQ音乐官方歌单,3317
28488,5705612,7279213478,乐队的夏天,2783429033,owSFoivANKnioz**,QQ音乐官方歌单,3317
172066,17260663,7279212173,偶像练习生,2783429033,owSFoivANKnioz**,QQ音乐官方歌单,3317
4925,836037,7279210857,明日之子,2783429033,owSFoivANKnioz**,QQ音乐官方歌单,3317
36284,16030266,7279209508,梦想的声音,2783429033,owSFoivANKnioz**,QQ音乐官方歌单,3317
4144,574862,7279208247,华语| 夜跑加速器,2783429033,owSFoivANKnioz**,QQ音乐官方歌单,3317
623,543608,7279207016,华语| 周末大扫除,2783429033,owSFoivANKnioz**,QQ音乐官方歌单,3317
3370,1336611,7279205843,华语| 欢聚时刻,2783429033,owSFoivANKnioz**,QQ音乐官方歌单,3317
2163,142594,7279204577,华语| 慵懒布鲁斯,2783429033,owSFoivANKnioz**,QQ音乐官方歌单,3317
6283,1400648,7279203363,华语| 只想放空,2783429033,owSFoivANKnioz**,QQ音乐官方歌单,3317
6884,958246,7279202208,华语| 列车安眠曲,2783429033,owSFoivANKnioz**,QQ音乐官方歌单,3317
31330,5367795,7279200955,声入人心,2783429033,owSFoivANKnioz**,QQ音乐官方歌单,3317
2737,457026,7279199750,轻音乐：浪漫收藏家 ​,2783429033,owSFoivANKnioz**,QQ音乐官方歌单,3317
8117,2609074,7279198418,华语流行 | 简单的美好,2783429033,owSFoivANKnioz**,QQ音乐官方歌单,3317
1532,546493,7279197128,华语| 排队不无聊,2783429033,owSFoivANKnioz**,QQ音乐官方歌单,3317
1144,1303543,7279195753,华语| 周末出去浪,2783429033,owSFoivANKnioz**,QQ音乐官方歌单,3317
892,153601,7279194504,华语| 男孩别哭,2783429033,owSFoivANKnioz**,QQ音乐官方歌单,3317
7094,1462822,7279193274,一起乐队吧,2783429033,owSFoivANKnioz**,QQ音乐官方歌单,3317
811,193380,7279192084,音浪合伙人,2783429033,owSFoivANKnioz**,QQ音乐官方歌单,3317
91553,39889990,7279190816,中国新说唱,2783429033,owSFoivANKnioz**,QQ音乐官方歌单,3317
fav_cnt,play_cnt,tid,title,uin,encrypt_uin,nick,class
1267,180471,7279189553,跨界歌王,2783429033,owSFoivANKnioz**,QQ音乐官方歌单,3317
4188,1017650,7279188244,中国好声音,2783429033,owSFoivANKnioz**,QQ音乐官方歌单,3317
39095,25431604,7279186952,蒙面唱将猜猜猜,2783429033,owSFoivANKnioz**,QQ音乐官方歌单,3317
3171,312705,7279185776,轻音乐| 夜读时光,2783429033,owSFoivANKnioz**,QQ音乐官方歌单,3317
22619,2939244,7279184595,轻音乐| 片刻宁静,2783429033,owSFoivANKnioz**,QQ音乐官方歌单,3317
6419,2287943,7279180943,华语流行| 爱情小说家,2783429033,owSFoivANKnioz**,QQ音乐官方歌单,3317
9976,1298335,7279174813,欧美流行|放飞梦想,2783429033,owSFoivANKnioz**,QQ音乐官方歌单,3317
2837,430336,7279173680,华语|星星一样闪亮,2783429033,owSFoivANKnioz**,QQ音乐官方歌单,3317
10694,2617590,7279172523,华语流行|热血少年,2783429033,owSFoivANKnioz**,QQ音乐官方歌单,3317
23340,1218086,7279167743,越宅越快乐,2783429033,owSFoivANKnioz**,QQ音乐官方歌单,3317
6768,1722413,7279158272,轻音SPA： 空灵瑜伽，放松身心,2783429033,owSFoivANKnioz**,QQ音乐官方歌单,3317
4067,219025,7279141077,爵士女声| 女友们的下午茶,2783429033,owSFoivANKnioz**,QQ音乐官方歌单,3317
3076,1449827,7279095653,华语| 别无所求,2783429033,owSFoivANKnioz**,QQ音乐官方歌单,3317
5428,1290882,7279094646,华语| 我们的奇妙故事,2783429033,owSFoivANKnioz**,QQ音乐官方歌单,3317
3851,1167675,7279093642,华语| 想要靠近你,2783429033,owSFoivANKnioz**,QQ音乐官方歌单,3317
3341,1403796,7279092666,华语| 为你勇敢,2783429033,owSFoivANKnioz**,QQ音乐官方歌单,3317
7954,1557570,7279091689,华语| 治愈孤独,2783429033,owSFoivANKnioz**,QQ音乐官方歌单,3317
4527,282640,7279077851,自然轻音乐：深蓝色水族馆,2783429033,owSFoivANKnioz**,QQ音乐官方歌单,3317
501,81209,7279062726,星期天去动物园,2783429033,owSFoivANKnioz**,QQ音乐官方歌单,3317
2835,1176493,7279025589,华语| 听说你要来找我,2783429033,owSFoivANKnioz**,QQ音乐官方歌单,3317
3579,1209676,7279024689,华语| 收藏回忆,2783429033,owSFoivANKnioz**,QQ音乐官方歌单,3317
3539,703634,7279023809,华语| 失恋前奏,2783429033,owSFoivANKnioz**,QQ音乐官方歌单,3317
7275,3029504,7279022986,华语 | 记录美好,2783429033,owSFoivANKnioz**,QQ音乐官方歌单,3317
5112,2449203,7279022159,华语| 情感平行线,2783429033,owSFoivANKnioz**,QQ音乐官方歌单,3317
8743,522677,7279018766,后摇| 静夜阅读时刻,2783429033,owSFoivANKnioz**,QQ音乐官方歌单,3317
1860,499809,7279010150,华语流行|花花世界,2783429033,owSFoivANKnioz**,QQ音乐官方歌单,3317
324,107149,7279003297,华语秋日去燥,2783429033,owSFoivANKnioz**,QQ音乐官方歌单,3317
4023,221558,7278992061,节奏控| 卧室私人蹦迪,2783429033,owSFoivANKnioz**,QQ音乐官方歌单,3317
11861,1951030,7278981517,欧美轻流行,2783429033,owSFoivANKnioz**,QQ音乐官方歌单,3317
2718,850485,7278965459,华语| 恋爱无时差,2783429033,owSFoivANKnioz**,QQ音乐官方歌单,3317
2040,892303,7278846978,华语流行|凋落的心,2783429033,owSFoivANKnioz**,QQ音乐官方歌单,3317
7686,851018,7278835845,那些好听的韩语抒情歌,2783429033,owSFoivANKnioz**,QQ音乐官方歌单,3317
76773,4273371,7278834964,久石让·治愈配乐精选,2783429033,owSFoivANKnioz**,QQ音乐官方歌单,3317
3042,832147,7278834135,华语|镌刻美好生活,2783429033,owSFoivANKnioz**,QQ音乐官方歌单,3317
42272,658762,7278833256,《哈利·波特》系列配乐精选,2783429033,owSFoivANKnioz**,QQ音乐官方歌单,3317
42198,2531444,7278831558,迪士尼系列动画配乐精选,2783429033,owSFoivANKnioz**,QQ音乐官方歌单,3317
12126,272031,7278830689,电影配乐大师·Howard Shore,2783429033,owSFoivANKnioz**,QQ音乐官方歌单,3317
10739,326592,7278829894,电影配乐大师·Ennio Morricone,2783429033,owSFoivANKnioz**,QQ音乐官方歌单,3317
11943,435678,7278829005,电影配乐大师·Hans Zimmer,2783429033,owSFoivANKnioz**,QQ音乐官方歌单,3317
8791,236148,7278828175,电影配乐大师·John Barry,2783429033,owSFoivANKnioz**,QQ音乐官方歌单,3317
9603,351453,7278827286,电影配乐大师·James Horner,2783429033,owSFoivANKnioz**,QQ音乐官方歌单,3317
10014,230121,7278826503,电影配乐大师·John Williams,2783429033,owSFoivANKnioz**,QQ音乐官方歌单,3317
9122,3296864,7278801123,华语经典| 带着爸妈去旅行,2783429033,owSFoivANKnioz**,QQ音乐官方歌单,3317
8181,1065505,7278799588,华语摇滚|川流不息,2783429033,owSFoivANKnioz**,QQ音乐官方歌单,3317
1901,364836,7278798769,华语儿歌|可爱的歌,2783429033,owSFoivANKnioz**,QQ音乐官方歌单,3317
16134,1649160,7278797980,欧美电音|梦想启航,2783429033,owSFoivANKnioz**,QQ音乐官方歌单,3317
11631,803247,7278472791,轻音乐：开学不emo,2783429033,owSFoivANKnioz**,QQ音乐官方歌单,3317
4588,457813,7278393642,轻音乐 | 心在旅行,2783429033,owSFoivANKnioz**,QQ音乐官方歌单,3317
28426,2282768,7278388827,华语| 考前冲刺,2783429033,owSFoivANKnioz**,QQ音乐官方歌单,3317
4852,786794,7278383717,旅行轻音 ：天高地远，风也自由,2783429033,owSFoivANKnioz**,QQ音乐官方歌单,3317
fav_cnt,play_cnt,tid,title,uin,encrypt_uin,nick,class
9644,1177900,7278374918,欧美  | 慵懒时光,2783429033,owSFoivANKnioz**,QQ音乐官方歌单,3317
3521,1661381,7278282391,华语| 念念不忘,2783429033,owSFoivANKnioz**,QQ音乐官方歌单,3317
20873,14202557,7278280858,华语| 一个人的抒情歌,2783429033,owSFoivANKnioz**,QQ音乐官方歌单,3317
12474,3367420,7278278003,华语| 治愈系女声,2783429033,owSFoivANKnioz**,QQ音乐官方歌单,3317
3076,388954,7278276605,华语| 情绪动物,2783429033,owSFoivANKnioz**,QQ音乐官方歌单,3317
1735,392563,7278275202,华语| 加班不上火,2783429033,owSFoivANKnioz**,QQ音乐官方歌单,3317
5032,614527,7278273782,华语| 童话世界,2783429033,owSFoivANKnioz**,QQ音乐官方歌单,3317
1516,580367,7278272281,华语| 通勤随身听,2783429033,owSFoivANKnioz**,QQ音乐官方歌单,3317
16303,11836044,7278270870,华语| 依旧在原地,2783429033,owSFoivANKnioz**,QQ音乐官方歌单,3317
2411,1047829,7278177274,华语| 思念情愫,2783429033,owSFoivANKnioz**,QQ音乐官方歌单,3317
1342,284884,7278175779,华语| 去远方的车票,2783429033,owSFoivANKnioz**,QQ音乐官方歌单,3317
1300,198802,7278174455,华语| 游戏人间,2783429033,owSFoivANKnioz**,QQ音乐官方歌单,3317
2693,343682,7278173053,华语| 忆故乡,2783429033,owSFoivANKnioz**,QQ音乐官方歌单,3317
2089,520452,7278171629,华语| 午休助眠,2783429033,owSFoivANKnioz**,QQ音乐官方歌单,3317
1839,801331,7278170332,华语| 一起吹吹风,2783429033,owSFoivANKnioz**,QQ音乐官方歌单,3317
4909,2174155,7278169039,华语| 心锁,2783429033,owSFoivANKnioz**,QQ音乐官方歌单,3317
2861,1147914,7278167679,华语| 温柔以待,2783429033,owSFoivANKnioz**,QQ音乐官方歌单,3317
5975,1042953,7278111555,华语| 内心中的孤独感,2783429033,owSFoivANKnioz**,QQ音乐官方歌单,3317
3320,1330856,7278110233,华语| 陪你到最后,2783429033,owSFoivANKnioz**,QQ音乐官方歌单,3317
568,380118,7278108943,华语| 休息日,2783429033,owSFoivANKnioz**,QQ音乐官方歌单,3317
1716,261246,7278107584,华语| 沉迷月色中,2783429033,owSFoivANKnioz**,QQ音乐官方歌单,3317
2569,922607,7278104861,华语| 就是喜欢你,2783429033,owSFoivANKnioz**,QQ音乐官方歌单,3317
3181,1228921,7278097058,华语流行|爱的号码牌,2783429033,owSFoivANKnioz**,QQ音乐官方歌单,3317
1344,627905,7278095847,华语流行|心里的补丁,2783429033,owSFoivANKnioz**,QQ音乐官方歌单,3317
2497,309006,7278085906,轻音乐|闲暇时光,2783429033,owSFoivANKnioz**,QQ音乐官方歌单,3317
1041,55835,7278082179,Urban厂牌合辑| STONESHIP,2783429033,owSFoivANKnioz**,QQ音乐官方歌单,3317
1713,112567,7278077310,Urban厂牌合辑| HI-LITE RECORDS,2783429033,owSFoivANKnioz**,QQ音乐官方歌单,3317
3521,345262,7278071174,Urban厂牌合辑| DEF JAM RECORDINGS,2783429033,owSFoivANKnioz**,QQ音乐官方歌单,3317
1730,127824,7278070021,Urban厂牌合辑| DREAMVILLE RECORDS,2783429033,owSFoivANKnioz**,QQ音乐官方歌单,3317
2336,177815,7278068779,Urban厂牌合辑| G.O.O.D. MUSIC,2783429033,owSFoivANKnioz**,QQ音乐官方歌单,3317
1669,128634,7278067556,Urban厂牌合辑| ILLINONAIRE RECORDS,2783429033,owSFoivANKnioz**,QQ音乐官方歌单,3317
7777,550059,7278066238,Urban厂牌合辑| AOMG,2783429033,owSFoivANKnioz**,QQ音乐官方歌单,3317
3089,234102,7278065107,Urban厂牌合辑| NOUS UNDERGROUND,2783429033,owSFoivANKnioz**,QQ音乐官方歌单,3317
3251,1697330,7278059185,华语| 不眠小心事,2783429033,owSFoivANKnioz**,QQ音乐官方歌单,3317
2487,1072266,7278058014,华语| 等你回来,2783429033,owSFoivANKnioz**,QQ音乐官方歌单,3317
8579,4006260,7278056840,华语| 告别往昔,2783429033,owSFoivANKnioz**,QQ音乐官方歌单,3317
7167,3187901,7278055598,华语| 学会等待,2783429033,owSFoivANKnioz**,QQ音乐官方歌单,3317
12264,1534307,7278054407,欧美| 快乐出行,2783429033,owSFoivANKnioz**,QQ音乐官方歌单,3317
1673,335837,7278053207,华语| 逗你笑,2783429033,owSFoivANKnioz**,QQ音乐官方歌单,3317
6455,1281612,7278052013,华语摇滚| 情绪主义,2783429033,owSFoivANKnioz**,QQ音乐官方歌单,3317
3301,165424,7278050839,专注白噪音：万事胜意，未来可期,2783429033,owSFoivANKnioz**,QQ音乐官方歌单,3317
7464,1719137,7278048373,华语流行|热爱生活,2783429033,owSFoivANKnioz**,QQ音乐官方歌单,3317
2877,325231,7278047239,欧美流行|去探险,2783429033,owSFoivANKnioz**,QQ音乐官方歌单,3317
6071,924216,7278046185,国风 | 花正盛开,2783429033,owSFoivANKnioz**,QQ音乐官方歌单,3317
12777,2513865,7278044996,轻音乐|很安静,2783429033,owSFoivANKnioz**,QQ音乐官方歌单,3317
11441,1112097,7278043906,欧美流行|读书听的歌,2783429033,owSFoivANKnioz**,QQ音乐官方歌单,3317
1043,55265,7278042409,欧美儿歌|宝宝爱读书,2783429033,owSFoivANKnioz**,QQ音乐官方歌单,3317
7416,906012,7278010090,燃系电音| 一起蹦迪吗,2783429033,owSFoivANKnioz**,QQ音乐官方歌单,3317
2603,264528,7278004104,卡点狂魔| Urban舞蹈BGM,2783429033,owSFoivANKnioz**,QQ音乐官方歌单,3317
2656,509808,7277984245,华语流行|在空中,2783429033,owSFoivANKnioz**,QQ音乐官方歌单,3317
3944,186886,7277980329,华语后摇| 静谧灵魂,2783429033,owSFoivANKnioz**,QQ音乐官方歌单,3317
102475,9910506,7277964626,华语| 国漫之光,2783429033,owSFoivANKnioz**,QQ音乐官方歌单,3317
fav_cnt,play_cnt,tid,title,uin,encrypt_uin,nick,class
5301,1581767,7277959718,华语| 经典日语歌翻唱,2783429033,owSFoivANKnioz**,QQ音乐官方歌单,3317
500,178256,7277951688,华语流行|不想晒太阳,2783429033,owSFoivANKnioz**,QQ音乐官方歌单,3317
815,253580,7277950710,华语流行|想度假,2783429033,owSFoivANKnioz**,QQ音乐官方歌单,3317
6123,2838959,7277949793,华语流行|越过山丘,2783429033,owSFoivANKnioz**,QQ音乐官方歌单,3317
568,161615,7277948895,华语流行|看海,2783429033,owSFoivANKnioz**,QQ音乐官方歌单,3317
7043,464695,7277897480,欧美摇滚| 高能燃脂,2783429033,owSFoivANKnioz**,QQ音乐官方歌单,3317
8052,894692,7277888301,纯音：夜坐听风，昼眠听雨,2783429033,owSFoivANKnioz**,QQ音乐官方歌单,3317
7673,1090208,7277887376,欧美说唱| 气场全开,2783429033,owSFoivANKnioz**,QQ音乐官方歌单,3317
665,121932,7277881642,华语 | 一起旅行吧,2783429033,owSFoivANKnioz**,QQ音乐官方歌单,3317
821,139802,7277879920,华语 | 一起野餐吧,2783429033,owSFoivANKnioz**,QQ音乐官方歌单,3317
6134,875657,7277878309,欧美| 柔情男嗓,2783429033,owSFoivANKnioz**,QQ音乐官方歌单,3317
6836,1282820,7277837638,思乡曲：月是故乡明,2783429033,owSFoivANKnioz**,QQ音乐官方歌单,3317
453,82095,7277823276,活力大扫除,2783429033,owSFoivANKnioz**,QQ音乐官方歌单,3317
11440,2052682,7277818341, 流行钢琴曲：青葱岁月，曲曲入心,2783429033,owSFoivANKnioz**,QQ音乐官方歌单,3317
15067,1828321,7277814865,纯音| 低诉的大提琴,2783429033,owSFoivANKnioz**,QQ音乐官方歌单,3317
1424,542332,7277812243,深情华语| 你是唯一,2783429033,owSFoivANKnioz**,QQ音乐官方歌单,3317
8301,1397480,7277809623,轻音乐| 宁静的力量,2783429033,owSFoivANKnioz**,QQ音乐官方歌单,3317
6743,1875185,7277730329,华语流行|心漏了一拍,2783429033,owSFoivANKnioz**,QQ音乐官方歌单,3317
5475,684286,7277729395,消暑白噪音：水分补充,2783429033,owSFoivANKnioz**,QQ音乐官方歌单,3317
1608,363405,7277728485,华语流行|梦想家,2783429033,owSFoivANKnioz**,QQ音乐官方歌单,3317
3496,595786,7277727511,轻音乐：阳光热烈，水波温柔,2783429033,owSFoivANKnioz**,QQ音乐官方歌单,3317
6308,475402,7277726535,电子|无限漂浮,2783429033,owSFoivANKnioz**,QQ音乐官方歌单,3317
1011,379872,7277659759,华语| 孤岛心光,2783429033,owSFoivANKnioz**,QQ音乐官方歌单,3317
3551,2129702,7277658896,华语| 心情旋转门,2783429033,owSFoivANKnioz**,QQ音乐官方歌单,3317
350,56476,7277658071,华语| 晚安民谣,2783429033,owSFoivANKnioz**,QQ音乐官方歌单,3317
2029,401096,7277657275,华语| 日常事件簿,2783429033,owSFoivANKnioz**,QQ音乐官方歌单,3317
1850,567583,7277621044,华语| 漫游轻方案,2783429033,owSFoivANKnioz**,QQ音乐官方歌单,3317
1720,705414,7277620175,华语| 专属暗号,2783429033,owSFoivANKnioz**,QQ音乐官方歌单,3317
3054,1284939,7277619345,华语| 思念成河,2783429033,owSFoivANKnioz**,QQ音乐官方歌单,3317
1975,677186,7277618509,华语| 甜蜜日常,2783429033,owSFoivANKnioz**,QQ音乐官方歌单,3317
9373,5315237,7277617710,华语| 睡前安静,2783429033,owSFoivANKnioz**,QQ音乐官方歌单,3317
4050,428124,7277616919,华语| 迷离幻境,2783429033,owSFoivANKnioz**,QQ音乐官方歌单,3317
1245,605236,7277616039,华语| 触摸阳光,2783429033,owSFoivANKnioz**,QQ音乐官方歌单,3317
3796,980941,7277615126,华语| 思念堆积,2783429033,owSFoivANKnioz**,QQ音乐官方歌单,3317
4053,834477,7277346043,华语| 雨季音域,2783429033,owSFoivANKnioz**,QQ音乐官方歌单,3317
834,127000,7277345291,华语| 早安民谣,2783429033,owSFoivANKnioz**,QQ音乐官方歌单,3317
586,186349,7277344557,华语| 夜语星光,2783429033,owSFoivANKnioz**,QQ音乐官方歌单,3317
12226,5486773,7277343779,华语| 神仙翻唱,2783429033,owSFoivANKnioz**,QQ音乐官方歌单,3317
20569,18402585,7277084863,华语| 回忆寻觅记,2783429033,owSFoivANKnioz**,QQ音乐官方歌单,3317
2231,965778,7277079089,华语流行|缘分天空,2783429033,owSFoivANKnioz**,QQ音乐官方歌单,3317
2010,938761,7277076122,华语流行 | 我不是没有眼泪,2783429033,owSFoivANKnioz**,QQ音乐官方歌单,3317
1099,401081,7277074637,华语流行 | 失恋记事本,2783429033,owSFoivANKnioz**,QQ音乐官方歌单,3317
11765,1545968,7277071715,古风|烟波浩渺,2783429033,owSFoivANKnioz**,QQ音乐官方歌单,3317
2785,1034685,7277070083,华语流行|堆积幸运,2783429033,owSFoivANKnioz**,QQ音乐官方歌单,3317
7087,1587506,7277068621,华语 | 热播网剧,2783429033,owSFoivANKnioz**,QQ音乐官方歌单,3317
3108,506939,7277067121,喜剧之王 | 周星驰,2783429033,owSFoivANKnioz**,QQ音乐官方歌单,3317
10946,1373665,7277049647,古风|一壶清茶,2783429033,owSFoivANKnioz**,QQ音乐官方歌单,3317
4792,2619181,7277046813,华语| 归途之中,2783429033,owSFoivANKnioz**,QQ音乐官方歌单,3317
1425,747512,7277032467,华语| 心情匣子,2783429033,owSFoivANKnioz**,QQ音乐官方歌单,3317
1634,382721,7277031126,华语| 摸鱼时光,2783429033,owSFoivANKnioz**,QQ音乐官方歌单,3317
9458,1340489,7277029637,华语| 银河遥想,2783429033,owSFoivANKnioz**,QQ音乐官方歌单,3317
5915,1787064,7277028141,华语| 摇滚新声,2783429033,owSFoivANKnioz**,QQ音乐官方歌单,3317
17509,15813630,7277026723,华语| 怀旧时光,2783429033,owSFoivANKnioz**,QQ音乐官方歌单,3317
7620,1970239,7277025317,华语| 年少时光,2783429033,owSFoivANKnioz**,QQ音乐官方歌单,3317
4486,2728252,7277023915,华语| 往事洄游录,2783429033,owSFoivANKnioz**,QQ音乐官方歌单,3317
8856,5246094,7277022479,华语| 开不了口,2783429033,owSFoivANKnioz**,QQ音乐官方歌单,3317
2390,949667,7277021073,华语| 青葱岁月,2783429033,owSFoivANKnioz**,QQ音乐官方歌单,3317
804,100360,7277019604,华语| 童年时光机,2783429033,owSFoivANKnioz**,QQ音乐官方歌单,3317
3304,791820,7276974113,轻音乐 | 下雨的夜,2783429033,owSFoivANKnioz**,QQ音乐官方歌单,3317
962,96850,7276972790,欧美 | 起床困难户,2783429033,owSFoivANKnioz**,QQ音乐官方歌单,3317
fav_cnt,play_cnt,tid,title,uin,encrypt_uin,nick,class
5686,730222,7276971437,安静钢琴曲：黑白键的浪漫幻想,2783429033,owSFoivANKnioz**,QQ音乐官方歌单,3317
4811,1985310,7276960669,华语| 感情气象站,2783429033,owSFoivANKnioz**,QQ音乐官方歌单,3317
6132,967908,7276959251,欧美流行 | 能量充电,2783429033,owSFoivANKnioz**,QQ音乐官方歌单,3317
5341,536732,7276933939,古风|黛瓦红墙,2783429033,owSFoivANKnioz**,QQ音乐官方歌单,3317
2736,964321,7276932560,华语| 暗恋美学,2783429033,owSFoivANKnioz**,QQ音乐官方歌单,3317
6677,744273,7276924803,古风|渔舟逐水,2783429033,owSFoivANKnioz**,QQ音乐官方歌单,3317
899,268678,7276923461,华语流行|未知的旅途,2783429033,owSFoivANKnioz**,QQ音乐官方歌单,3317
10713,3287710,7276915901,欧美节奏| 游到热带岛屿,2783429033,owSFoivANKnioz**,QQ音乐官方歌单,3317
965,315493,7276907397,华语| 深情万种,2783429033,owSFoivANKnioz**,QQ音乐官方歌单,3317
2209,1186202,7276906168,华语| 旅行中忘记,2783429033,owSFoivANKnioz**,QQ音乐官方歌单,3317
5536,2453748,7276904891,华语| 思念漩涡,2783429033,owSFoivANKnioz**,QQ音乐官方歌单,3317
1035,290106,7276902412,华语| 卸下疲惫,2783429033,owSFoivANKnioz**,QQ音乐官方歌单,3317
2338,186425,7276901168,华语电影｜惊险动作片,2783429033,owSFoivANKnioz**,QQ音乐官方歌单,3317
10807,6931229,7276898849,他比我懂你吗,2783429033,owSFoivANKnioz**,QQ音乐官方歌单,3317
2318,417394,7276893000,不如爱自由,2783429033,owSFoivANKnioz**,QQ音乐官方歌单,3317
648,145281,7276881116,华语流行| 情人结,2783429033,owSFoivANKnioz**,QQ音乐官方歌单,3317
1399,885323,7276872910,华语| 扬一把沙,2783429033,owSFoivANKnioz**,QQ音乐官方歌单,3317
497,175588,7276871788,华语| 灿烂的夜晚,2783429033,owSFoivANKnioz**,QQ音乐官方歌单,3317
2329,1268092,7276870663,华语| 心太乱,2783429033,owSFoivANKnioz**,QQ音乐官方歌单,3317
3037,1145051,7276869595,华语| 快乐加油站,2783429033,owSFoivANKnioz**,QQ音乐官方歌单,3317
1120,432594,7276865220,华语流行|彩色人生,2783429033,owSFoivANKnioz**,QQ音乐官方歌单,3317
3187,577500,7276861029,欧美流行| 天天晴朗,2783429033,owSFoivANKnioz**,QQ音乐官方歌单,3317
1835,788194,7276855604,我很好别打扰,2783429033,owSFoivANKnioz**,QQ音乐官方歌单,3317
573,498961,7276852442,华语| 周末倒计时,2783429033,owSFoivANKnioz**,QQ音乐官方歌单,3317
2337,892174,7276827011,我的城市在下雨,2783429033,owSFoivANKnioz**,QQ音乐官方歌单,3317
546,231795,7276816430,华语| 秋日微凉,2783429033,owSFoivANKnioz**,QQ音乐官方歌单,3317
18270,3463664,7276811769,欧美| 仲夏酒会,2783429033,owSFoivANKnioz**,QQ音乐官方歌单,3317
15738,7156656,7276797043,最·王杰,2783429033,owSFoivANKnioz**,QQ音乐官方歌单,3317
73153,19167834,7276793524,永远的张国荣,2783429033,owSFoivANKnioz**,QQ音乐官方歌单,3317
26309,12679997,7276788227,最·谭咏麟,2783429033,owSFoivANKnioz**,QQ音乐官方歌单,3317
810,290050,7276781888,华语流行| 花的姿态,2783429033,owSFoivANKnioz**,QQ音乐官方歌单,3317
2558,283666,7276779327,欧美| 夏天是西瓜味的,2783429033,owSFoivANKnioz**,QQ音乐官方歌单,3317
11325,3175315,7276772314,最·李克勤,2783429033,owSFoivANKnioz**,QQ音乐官方歌单,3317
1565,344889,7276763086,能量口服液,2783429033,owSFoivANKnioz**,QQ音乐官方歌单,3317
77234,35461598,7276754589,最·张学友,2783429033,owSFoivANKnioz**,QQ音乐官方歌单,3317
3191,605638,7276729026,轻音乐：风日晴和,2783429033,owSFoivANKnioz**,QQ音乐官方歌单,3317
11813,8792242,7276584295,华语流行| 下个路口见,2783429033,owSFoivANKnioz**,QQ音乐官方歌单,3317
875,392201,7276582388,华语| 烟火绽放时,2783429033,owSFoivANKnioz**,QQ音乐官方歌单,3317
2907,480374,7276581424,华语电音| 激昂电流,2783429033,owSFoivANKnioz**,QQ音乐官方歌单,3317
1222,512529,7276577527,华语情歌 | 心上的云朵,2783429033,owSFoivANKnioz**,QQ音乐官方歌单,3317
3675,1130192,7276569625,华语流行|阳光好心情,2783429033,owSFoivANKnioz**,QQ音乐官方歌单,3317
1812,741378,7276568696,华语流行|深陷你,2783429033,owSFoivANKnioz**,QQ音乐官方歌单,3317
1013,360351,7276567777,华语流行|花一般的你,2783429033,owSFoivANKnioz**,QQ音乐官方歌单,3317
631,193282,7276566844,华语流行|海里的星星,2783429033,owSFoivANKnioz**,QQ音乐官方歌单,3317
8333,2772976,7276565891,轻音乐|小夜曲,2783429033,owSFoivANKnioz**,QQ音乐官方歌单,3317
3384,1023465,7276564998,华语流行|大声对你说,2783429033,owSFoivANKnioz**,QQ音乐官方歌单,3317
2729,597962,7276536234,助眠曲：醒时满身月，睡时漫天星,2783429033,owSFoivANKnioz**,QQ音乐官方歌单,3317
3228,485495,7276526152,轻音乐：漫步云端，人间皆是浪漫,2783429033,owSFoivANKnioz**,QQ音乐官方歌单,3317
1083,270791,7276520684,城市漫游计划,2783429033,owSFoivANKnioz**,QQ音乐官方歌单,3317
7586,954902,7276515117,华语| 可爱元气站,2783429033,owSFoivANKnioz**,QQ音乐官方歌单,3317
9621,1821645,7276514310,流行 | 骑行听什么,2783429033,owSFoivANKnioz**,QQ音乐官方歌单,3317
14349,1516954,7276499997,轻音乐 | 自习图书馆,2783429033,owSFoivANKnioz**,QQ音乐官方歌单,3317
4098,736703,7276498228,独处时光：世界很宽，孤独很满,2783429033,owSFoivANKnioz**,QQ音乐官方歌单,3317
1506,714493,7276488576,华语流行| 旅行的意义,2783429033,owSFoivANKnioz**,QQ音乐官方歌单,3317
3240,320852,7276479739,精致变身BGM,2783429033,owSFoivANKnioz**,QQ音乐官方歌单,3317
11443,4779420,7276471529,最·张惠妹,2783429033,owSFoivANKnioz**,QQ音乐官方歌单,3317
943,260389,7276455197,华语民谣| 枕边随想,2783429033,owSFoivANKnioz**,QQ音乐官方歌单,3317
6400,9507031,7275918688,华语| 心有独钟,2783429033,owSFoivANKnioz**,QQ音乐官方歌单,3317
6474,6118699,7275911072,华语| 影视经典,2783429033,owSFoivANKnioz**,QQ音乐官方歌单,3317
2476,2340616,7275909500,华语| 影视热歌,2783429033,owSFoivANKnioz**,QQ音乐官方歌单,3317
fav_cnt,play_cnt,tid,title,uin,encrypt_uin,nick,class
1861,1492932,7275801557,华语| 粉刷心情,2783429033,owSFoivANKnioz**,QQ音乐官方歌单,3317
1767,822473,7275800189,华语| 清凉调,2783429033,owSFoivANKnioz**,QQ音乐官方歌单,3317
2589,1451289,7275790736,华语流行|为你写诗,2783429033,owSFoivANKnioz**,QQ音乐官方歌单,3317
8855,1143035,7275773599,古风|春江花月夜,2783429033,owSFoivANKnioz**,QQ音乐官方歌单,3317
1255,404888,7275735910,华语| 发呆进行时,2783429033,owSFoivANKnioz**,QQ音乐官方歌单,3317
1447,764837,7275734646,华语| 思念邮箱,2783429033,owSFoivANKnioz**,QQ音乐官方歌单,3317
1364,626743,7275733410,华语| 寂寥语录,2783429033,owSFoivANKnioz**,QQ音乐官方歌单,3317
3823,2725383,7275732251,华语| 深夜酒馆,2783429033,owSFoivANKnioz**,QQ音乐官方歌单,3317
9545,1679393,7275728507,古风影音,2783429033,owSFoivANKnioz**,QQ音乐官方歌单,3317
1034,418630,7275726159,华语流行|我眼里只有你,2783429033,owSFoivANKnioz**,QQ音乐官方歌单,3317
697,341164,7275716648,华语| 今日心岛晴,2783429033,owSFoivANKnioz**,QQ音乐官方歌单,3317
1480,145778,7275699606,舒缓旋律| 卧室放空时光,2783429033,owSFoivANKnioz**,QQ音乐官方歌单,3317
1710,798327,7275697605,华语| 心情搬运工,2783429033,owSFoivANKnioz**,QQ音乐官方歌单,3317
1687,625814,7275696586,华语流行|酸酸甜甜,2783429033,owSFoivANKnioz**,QQ音乐官方歌单,3317
1440,305910,7275694322,华语| 关于北方的记忆,2783429033,owSFoivANKnioz**,QQ音乐官方歌单,3317
12354,1652700,7275693274,纯音乐 | 工作必备,2783429033,owSFoivANKnioz**,QQ音乐官方歌单,3317
874,62677,7275692126,一人食,2783429033,owSFoivANKnioz**,QQ音乐官方歌单,3317
2908,453883,7275691065,韩语｜全能唱作爱豆,2783429033,owSFoivANKnioz**,QQ音乐官方歌单,3317
1332,132341,7275689953,韩语｜乐队的故事,2783429033,owSFoivANKnioz**,QQ音乐官方歌单,3317
69462,31315549,7275688949,韩语｜经典韩剧OST,2783429033,owSFoivANKnioz**,QQ音乐官方歌单,3317
773,123945,7275687885,韩语｜情歌二重唱,2783429033,owSFoivANKnioz**,QQ音乐官方歌单,3317
1071,221092,7275686805,韩语流行｜关于你的离别,2783429033,owSFoivANKnioz**,QQ音乐官方歌单,3317
7144,1648337,7275685761,韩语流行｜主唱担当的SOLO,2783429033,owSFoivANKnioz**,QQ音乐官方歌单,3317
1457,252029,7275684649,韩语流行｜从朋友，到恋人,2783429033,owSFoivANKnioz**,QQ音乐官方歌单,3317
1444,244868,7275683497,2019MAMA最佳男团女团候补,2783429033,owSFoivANKnioz**,QQ音乐官方歌单,3317
1020,135730,7275682405,2019MAMA最佳OST候补,2783429033,owSFoivANKnioz**,QQ音乐官方歌单,3317
3091,657793,7275681308,华语 | 轻松喜剧片,2783429033,owSFoivANKnioz**,QQ音乐官方歌单,3317
26344,15403898,7275680139,华语 | 浪漫爱情片,2783429033,owSFoivANKnioz**,QQ音乐官方歌单,3317
5232,385283,7275679107,华语影视 | 国产动画片,2783429033,owSFoivANKnioz**,QQ音乐官方歌单,3317
12898,7993308,7275678054,影视 | 华语热门电影,2783429033,owSFoivANKnioz**,QQ音乐官方歌单,3317
11833,2757115,7275676912,华语 | 青春校园片,2783429033,owSFoivANKnioz**,QQ音乐官方歌单,3317
16200,8214760,7275672594,粤式情歌,2783429033,owSFoivANKnioz**,QQ音乐官方歌单,3317
5342,822538,7275669485,国风雅韵,2783429033,owSFoivANKnioz**,QQ音乐官方歌单,3317
2283,1308976,7275665421,华语| 枕边歌,2783429033,owSFoivANKnioz**,QQ音乐官方歌单,3317
10064,7421403,7275663304,华语流行|你爱他/她,2783429033,owSFoivANKnioz**,QQ音乐官方歌单,3317
7029,1499604,7275661291,最·周笔畅,2783429033,owSFoivANKnioz**,QQ音乐官方歌单,3317
755,240659,7275660235,华语| 自我剖析,2783429033,owSFoivANKnioz**,QQ音乐官方歌单,3317
3656,469083,7275659222,治愈指弹：闲暇时刻,2783429033,owSFoivANKnioz**,QQ音乐官方歌单,3317
2000,274223,7275656126,最·Lizzo,2783429033,owSFoivANKnioz**,QQ音乐官方歌单,3317
19868,6018236,7275641018,最·张碧晨,2783429033,owSFoivANKnioz**,QQ音乐官方歌单,3317
1006,557979,7275626665,华语流行|我爱你,2783429033,owSFoivANKnioz**,QQ音乐官方歌单,3317
4279,824721,7275624709,华语国风集,2783429033,owSFoivANKnioz**,QQ音乐官方歌单,3317
3104,987238,7275621026,华语| 武侠经典,2783429033,owSFoivANKnioz**,QQ音乐官方歌单,3317
19365,14076670,7275614467,最·汪峰,2783429033,owSFoivANKnioz**,QQ音乐官方歌单,3317
8693,1290326,7275601402,最·Katy Perry,2783429033,owSFoivANKnioz**,QQ音乐官方歌单,3317
1291,879273,7275599458,华语流行|走进你的迷宫,2783429033,owSFoivANKnioz**,QQ音乐官方歌单,3317
1356,173872,7275591568,华语| 慵懒计划,2783429033,owSFoivANKnioz**,QQ音乐官方歌单,3317
1969,314492,7275590668,华语流行|好吃的歌,2783429033,owSFoivANKnioz**,QQ音乐官方歌单,3317
11551,8211321,7275588893,华语| 莫问前路,2783429033,owSFoivANKnioz**,QQ音乐官方歌单,3317
8463,7213948,7275587954,华语| 心情便签,2783429033,owSFoivANKnioz**,QQ音乐官方歌单,3317
2088,1383005,7275587099,华语| 内心戏,2783429033,owSFoivANKnioz**,QQ音乐官方歌单,3317
974,332375,7275586224,华语| 探索者,2783429033,owSFoivANKnioz**,QQ音乐官方歌单,3317
2515,1384326,7275585316,华语流行| 心心念念,2783429033,owSFoivANKnioz**,QQ音乐官方歌单,3317
865,608826,7275584508,华语| 那年那日,2783429033,owSFoivANKnioz**,QQ音乐官方歌单,3317
26372,3560348,7275575919,最·Linkin Park,2783429033,owSFoivANKnioz**,QQ音乐官方歌单,3317
20575,8199558,7275537137,最·陶喆,2783429033,owSFoivANKnioz**,QQ音乐官方歌单,3317
1344,437888,7275527970,华语流行|活力满满,2783429033,owSFoivANKnioz**,QQ音乐官方歌单,3317
27253,6013808,7275526330,最·Rihanna,2783429033,owSFoivANKnioz**,QQ音乐官方歌单,3317
64776,33849884,7275521274,最·莫文蔚,2783429033,owSFoivANKnioz**,QQ音乐官方歌单,3317
29873,10228530,7275486484,最·蔡健雅,2783429033,owSFoivANKnioz**,QQ音乐官方歌单,3317
fav_cnt,play_cnt,tid,title,uin,encrypt_uin,nick,class
73192,29820376,7275477956,最·许巍,2783429033,owSFoivANKnioz**,QQ音乐官方歌单,3317
5435,1348198,7275444654,华语民谣| 理想志,2783429033,owSFoivANKnioz**,QQ音乐官方歌单,3317
1261,236412,7275395373,华语电音物语,2783429033,owSFoivANKnioz**,QQ音乐官方歌单,3317
31737,6275797,7275376388,最·王嘉尔,2783429033,owSFoivANKnioz**,QQ音乐官方歌单,3317
1091,571255,7275360112,华语| 夜的悄悄话,2783429033,owSFoivANKnioz**,QQ音乐官方歌单,3317
50664,22755067,7275355390,最·周传雄,2783429033,owSFoivANKnioz**,QQ音乐官方歌单,3317
42825,25283900,7275340223,粤语留声机,2783429033,owSFoivANKnioz**,QQ音乐官方歌单,3317
15034,3072517,7275305801,最·Lady Gaga,2783429033,owSFoivANKnioz**,QQ音乐官方歌单,3317
35417,5341403,7275301585,最·Sia,2783429033,owSFoivANKnioz**,QQ音乐官方歌单,3317
15984,4343867,7275287807,最·徐佳莹,2783429033,owSFoivANKnioz**,QQ音乐官方歌单,3317
11760,3428422,7271181767,华语| 要开心呀,2783429033,owSFoivANKnioz**,QQ音乐官方歌单,3317
1097,380945,7271179788,华语| 背上琴出发,2783429033,owSFoivANKnioz**,QQ音乐官方歌单,3317
7189,6729924,7271177686,华语| 情留指尖,2783429033,owSFoivANKnioz**,QQ音乐官方歌单,3317
3124,1737454,7271175679,华语| 心中秘境,2783429033,owSFoivANKnioz**,QQ音乐官方歌单,3317
2957,1632046,7271173647,华语| 编织寂寞,2783429033,owSFoivANKnioz**,QQ音乐官方歌单,3317
23022,4249554,7271171544,国风| 一曲相思,2783429033,owSFoivANKnioz**,QQ音乐官方歌单,3317
15016,4011944,7271169548,最·李宇春,2783429033,owSFoivANKnioz**,QQ音乐官方歌单,3317
1361,225226,7271130501,华语雷鬼| 岛屿阳光,2783429033,owSFoivANKnioz**,QQ音乐官方歌单,3317
63257,20510351,7271123007,最·五月天,2783429033,owSFoivANKnioz**,QQ音乐官方歌单,3317
15117,7315206,7271109758,最·潘玮柏,2783429033,owSFoivANKnioz**,QQ音乐官方歌单,3317
35690,10549880,7271080486,最·Gai,2783429033,owSFoivANKnioz**,QQ音乐官方歌单,3317
2498,1412059,7271069754,华语| 爱上你忘了你,2783429033,owSFoivANKnioz**,QQ音乐官方歌单,3317
18154,17664402,7271056871,华语流行 | 陪你回家,2783429033,owSFoivANKnioz**,QQ音乐官方歌单,3317
2217,1240897,7271054895,华语 | 温暖情歌,2783429033,owSFoivANKnioz**,QQ音乐官方歌单,3317
2197,789384,7271051209,华语民谣 | 回家路上,2783429033,owSFoivANKnioz**,QQ音乐官方歌单,3317
1101,335787,7271049341,华语民谣 | 且听风吟,2783429033,owSFoivANKnioz**,QQ音乐官方歌单,3317
1351,444875,7271047439,华语民谣 | 日光正好,2783429033,owSFoivANKnioz**,QQ音乐官方歌单,3317
11674,6793710,7271030939,华语| 最忆少年时,2783429033,owSFoivANKnioz**,QQ音乐官方歌单,3317
1542,451682,7271021726,华语| 人生百忧解,2783429033,owSFoivANKnioz**,QQ音乐官方歌单,3317
618,52703,7270987435,华语| 原住民之歌,2783429033,owSFoivANKnioz**,QQ音乐官方歌单,3317
2882,890884,7270985680,华语| 乌云走开,2783429033,owSFoivANKnioz**,QQ音乐官方歌单,3317
1520,869716,7270967069,华语| 情感特调,2783429033,owSFoivANKnioz**,QQ音乐官方歌单,3317
2306,888786,7270965336,华语| 治愈暖风,2783429033,owSFoivANKnioz**,QQ音乐官方歌单,3317
5059,621629,7270963708,轻音乐| 在水边,2783429033,owSFoivANKnioz**,QQ音乐官方歌单,3317
6289,3545989,7270962050,华语| 恋爱词典,2783429033,owSFoivANKnioz**,QQ音乐官方歌单,3317
8077,3838083,7270960463,华语| 花园情诗,2783429033,owSFoivANKnioz**,QQ音乐官方歌单,3317
35270,6923298,7270951799,古风|水调歌头,2783429033,owSFoivANKnioz**,QQ音乐官方歌单,3317
2206,635788,7270949965,华语流行|笑一个,2783429033,owSFoivANKnioz**,QQ音乐官方歌单,3317
2797,1286668,7270878081,华语| 恋爱手帐,2783429033,owSFoivANKnioz**,QQ音乐官方歌单,3317
1522,528536,7270872159,华语民谣 | 青葱记忆,2783429033,owSFoivANKnioz**,QQ音乐官方歌单,3317
1715,384208,7270870842,华语民谣 | 可爱的你,2783429033,owSFoivANKnioz**,QQ音乐官方歌单,3317
2192,665319,7270869375,华语民谣 | 低吟浅唱,2783429033,owSFoivANKnioz**,QQ音乐官方歌单,3317
5852,1921807,7270854675,华语民谣 | 或许你也听过,2783429033,owSFoivANKnioz**,QQ音乐官方歌单,3317
2194,391933,7270821970,韩语流行 | 心动信号100%,2783429033,owSFoivANKnioz**,QQ音乐官方歌单,3317
4408,3421427,7270820480,华语| 岁月如歌,2783429033,owSFoivANKnioz**,QQ音乐官方歌单,3317
872,350437,7270771280,华语| 千千世界,2783429033,owSFoivANKnioz**,QQ音乐官方歌单,3317
6788,5221208,7270492900,华语流行| 苦甜参半,2783429033,owSFoivANKnioz**,QQ音乐官方歌单,3317
1058,408083,7270491691,华语流行| 恰柠檬,2783429033,owSFoivANKnioz**,QQ音乐官方歌单,3317
11201,2145464,7270490432,欧美| 欢快氛围,2783429033,owSFoivANKnioz**,QQ音乐官方歌单,3317
4893,3767586,7270489249,华语| 心有千结,2783429033,owSFoivANKnioz**,QQ音乐官方歌单,3317
6155,1384428,7270479339,轻音乐|沿途风景,2783429033,owSFoivANKnioz**,QQ音乐官方歌单,3317
1443,408802,7270385730,华语民谣| 在异乡,2783429033,owSFoivANKnioz**,QQ音乐官方歌单,3317
1028,106037,7269894732,华语| 甜美儿歌,2783429033,owSFoivANKnioz**,QQ音乐官方歌单,3317
1994,661222,7269570836,华语| 恋爱甜味剂,2783429033,owSFoivANKnioz**,QQ音乐官方歌单,3317
2054,936777,7269563701,华语| 一直很安静,2783429033,owSFoivANKnioz**,QQ音乐官方歌单,3317
12235,4867592,7269560843,华语| 民谣在路上,2783429033,owSFoivANKnioz**,QQ音乐官方歌单,3317
7946,6033871,7269552538,华语流行| 暖心告白,2783429033,owSFoivANKnioz**,QQ音乐官方歌单,3317
7466,1287227,7269509700,欧美电音|扬起船帆,2783429033,owSFoivANKnioz**,QQ音乐官方歌单,3317
27103,1849719,7269508413,日系Vlog背景音乐,2783429033,owSFoivANKnioz**,QQ音乐官方歌单,3317
6859,763388,7269507116,旅行Vlog背景音乐,2783429033,owSFoivANKnioz**,QQ音乐官方歌单,3317
fav_cnt,play_cnt,tid,title,uin,encrypt_uin,nick,class
3483,383637,7269505842,纯音| 嗨到月球,2783429033,owSFoivANKnioz**,QQ音乐官方歌单,3317
19556,14437548,7269504552,华语| 麦霸养成记,2783429033,owSFoivANKnioz**,QQ音乐官方歌单,3317
4035,1558347,7269502155,华语| 能量充沛,2783429033,owSFoivANKnioz**,QQ音乐官方歌单,3317
14137,13196484,7269500869,华语| 经典时光,2783429033,owSFoivANKnioz**,QQ音乐官方歌单,3317
1804,432270,7269431593,华语流行|想自由,2783429033,owSFoivANKnioz**,QQ音乐官方歌单,3317
1736,322181,7269430554,欧美流行|早安咖啡,2783429033,owSFoivANKnioz**,QQ音乐官方歌单,3317
7911,1044847,7269429440,纯音乐 | 舒压笔记,2783429033,owSFoivANKnioz**,QQ音乐官方歌单,3317
5991,1523785,7269428429,欧美流行 | 终于下班了,2783429033,owSFoivANKnioz**,QQ音乐官方歌单,3317
32162,12157568,7269422312,中文说唱制躁,2783429033,owSFoivANKnioz**,QQ音乐官方歌单,3317
17713,14418800,7269403122,华语| 心弦拨片,2783429033,owSFoivANKnioz**,QQ音乐官方歌单,3317
3583,626127,7269380403,轻音乐：放飞思绪，让灵魂自由,2783429033,owSFoivANKnioz**,QQ音乐官方歌单,3317
18014,4437192,7269379422,欧美流行 | 解压一起听,2783429033,owSFoivANKnioz**,QQ音乐官方歌单,3317
3984,948704,7269378512,韩语流行 | 果汁女孩,2783429033,owSFoivANKnioz**,QQ音乐官方歌单,3317
917,522374,7269274773,华语| 日光恋歌,2783429033,owSFoivANKnioz**,QQ音乐官方歌单,3317
29915,3886212,7269273831,最·MAMAMOO,2783429033,owSFoivANKnioz**,QQ音乐官方歌单,3317
1638,689158,7269261028,华语| 浪漫消亡史,2783429033,owSFoivANKnioz**,QQ音乐官方歌单,3317
2361,766395,7269260206,华语| 光辉岁月,2783429033,owSFoivANKnioz**,QQ音乐官方歌单,3317
30068,12673510,7269255629,最·张信哲,2783429033,owSFoivANKnioz**,QQ音乐官方歌单,3317
373694,106157161,7269231710,最·薛之谦,2783429033,owSFoivANKnioz**,QQ音乐官方歌单,3317
2810,560885,7269224098,欧美| 舞池中央,2783429033,owSFoivANKnioz**,QQ音乐官方歌单,3317
24936,5234585,7269223182,欧美| 飞跃地平线,2783429033,owSFoivANKnioz**,QQ音乐官方歌单,3317
1681,1252968,7269222155,华语| 思念节目,2783429033,owSFoivANKnioz**,QQ音乐官方歌单,3317
5426,5086209,7269221119,华语| 情感平衡点,2783429033,owSFoivANKnioz**,QQ音乐官方歌单,3317
1214,532824,7269205296,华语| 爱的乌托邦,2783429033,owSFoivANKnioz**,QQ音乐官方歌单,3317
11360,5945160,7269123715,华语 | 情歌听我超甜,2783429033,owSFoivANKnioz**,QQ音乐官方歌单,3317
684,143766,7268263646,华语| 佛系情歌,2783429033,owSFoivANKnioz**,QQ音乐官方歌单,3317
3572,1075034,7268255122,欧美流行|挑战无极限,2783429033,owSFoivANKnioz**,QQ音乐官方歌单,3317
4017,774969,7268228355,轻音乐|曲径通幽,2783429033,owSFoivANKnioz**,QQ音乐官方歌单,3317
6036,1329558,7268223003,最·2NE1,2783429033,owSFoivANKnioz**,QQ音乐官方歌单,3317
22129,8582499,7268221938,最·张靓颖,2783429033,owSFoivANKnioz**,QQ音乐官方歌单,3317
43144,19111197,7268199199,最·王菲,2783429033,owSFoivANKnioz**,QQ音乐官方歌单,3317
12637,10493916,7268198219,华语| 幸福摩天轮,2783429033,owSFoivANKnioz**,QQ音乐官方歌单,3317
25479,30773209,7268197210,华语金曲点唱机,2783429033,owSFoivANKnioz**,QQ音乐官方歌单,3317
9671,1142343,7268196159,最·ZICO,2783429033,owSFoivANKnioz**,QQ音乐官方歌单,3317
1638,928278,7268195164,华语| 与你说,2783429033,owSFoivANKnioz**,QQ音乐官方歌单,3317
7735,5022822,7268194171,华语流行|甜到忧伤,2783429033,owSFoivANKnioz**,QQ音乐官方歌单,3317
922,420067,7268193255,华语流行|一起去看世界,2783429033,owSFoivANKnioz**,QQ音乐官方歌单,3317
67513,23206966,7268192244,经典 | 古装剧主题曲,2783429033,owSFoivANKnioz**,QQ音乐官方歌单,3317
27567,8017360,7268191321,经典 | 青春现代剧OST精选,2783429033,owSFoivANKnioz**,QQ音乐官方歌单,3317
65077,30701889,7268190398,经典 | 记忆中的偶像剧,2783429033,owSFoivANKnioz**,QQ音乐官方歌单,3317
53403,17483718,7268184413,最·林宥嘉,2783429033,owSFoivANKnioz**,QQ音乐官方歌单,3317
69396,23483104,7268170909,最·孙燕姿,2783429033,owSFoivANKnioz**,QQ音乐官方歌单,3317
5228,2707544,7268160780,华语| 心碎俱乐部,2783429033,owSFoivANKnioz**,QQ音乐官方歌单,3317
22941,6667044,7268155472,欧美| 跃动时刻,2783429033,owSFoivANKnioz**,QQ音乐官方歌单,3317
37666,20573519,7268150903,最·梁静茹,2783429033,owSFoivANKnioz**,QQ音乐官方歌单,3317
16428,3987042,7268140824,最·张韶涵,2783429033,owSFoivANKnioz**,QQ音乐官方歌单,3317
6917,4556591,7268139889,华语经典恋曲,2783429033,owSFoivANKnioz**,QQ音乐官方歌单,3317
17136,18932066,7268139004,华语| 飘向回忆,2783429033,owSFoivANKnioz**,QQ音乐官方歌单,3317
87850,59878524,7268138097,华语| 车载经典,2783429033,owSFoivANKnioz**,QQ音乐官方歌单,3317
3456,405142,7268136215,最·SHINee,2783429033,owSFoivANKnioz**,QQ音乐官方歌单,3317
50982,9226358,7268135337,最·G-DRAGON,2783429033,owSFoivANKnioz**,QQ音乐官方歌单,3317
253009,94945940,7268132709,最·邓紫棋,2783429033,owSFoivANKnioz**,QQ音乐官方歌单,3317
15539,5060217,7268131813,最·方大同,2783429033,owSFoivANKnioz**,QQ音乐官方歌单,3317
3252,606964,7268122151,英文儿歌 | 超级宝贝,2783429033,owSFoivANKnioz**,QQ音乐官方歌单,3317
1649,236490,7268103554,华语儿歌|快乐成长,2783429033,owSFoivANKnioz**,QQ音乐官方歌单,3317
900,388492,7268102678,华语流行|唱我所唱,2783429033,owSFoivANKnioz**,QQ音乐官方歌单,3317
1887,275126,7268093844,欧美流行|我不孤单,2783429033,owSFoivANKnioz**,QQ音乐官方歌单,3317
3921,380593,7268071715,星星在你手上,2783429033,owSFoivANKnioz**,QQ音乐官方歌单,3317
530,101603,7268070911,华语流行|仰望星空,2783429033,owSFoivANKnioz**,QQ音乐官方歌单,3317
109596,37112889,7268070042,最·林俊杰,2783429033,owSFoivANKnioz**,QQ音乐官方歌单,3317
fav_cnt,play_cnt,tid,title,uin,encrypt_uin,nick,class
835,131579,7268062213,欧美流行|你不是一个人,2783429033,owSFoivANKnioz**,QQ音乐官方歌单,3317
1312,674579,7268035759,流行 | 爱你知不知道,2783429033,owSFoivANKnioz**,QQ音乐官方歌单,3317
12844,1923844,7267882936,华语| 习习古风,2783429033,owSFoivANKnioz**,QQ音乐官方歌单,3317
3245,1049831,7267882072,华语| 理想恋歌,2783429033,owSFoivANKnioz**,QQ音乐官方歌单,3317
3055,1726039,7267881237,华语 | 回忆里的纸飞机,2783429033,owSFoivANKnioz**,QQ音乐官方歌单,3317
8394,1557438,7267880487,欧美| 迷醉女声,2783429033,owSFoivANKnioz**,QQ音乐官方歌单,3317
726,249534,7266998281,阳光下午茶,2783429033,owSFoivANKnioz**,QQ音乐官方歌单,3317
11972,10074503,7266954112,华语| 有时孤独,2783429033,owSFoivANKnioz**,QQ音乐官方歌单,3317
4878,4448023,7266913654,华语| 一个人看海,2783429033,owSFoivANKnioz**,QQ音乐官方歌单,3317
6998,5991045,7266885004,华语流行|想念你,2783429033,owSFoivANKnioz**,QQ音乐官方歌单,3317
2274,1365456,7266677538,华语流行|指向你的单箭头,2783429033,owSFoivANKnioz**,QQ音乐官方歌单,3317
4321,1461694,7265804086,华语流行| 恋习生,2783429033,owSFoivANKnioz**,QQ音乐官方歌单,3317
8639,5628937,7265758980,华语| 甜美邂逅,2783429033,owSFoivANKnioz**,QQ音乐官方歌单,3317
2808,762642,7265558822,儿 歌 乐 园,2783429033,owSFoivANKnioz**,QQ音乐官方歌单,3317
839,350148,7265412270,华语 | 秋之歌,2783429033,owSFoivANKnioz**,QQ音乐官方歌单,3317
1975,1081387,7261031995,华语| 填满思念,2783429033,owSFoivANKnioz**,QQ音乐官方歌单,3317
3257,2728489,7261022855,粤语|秋之歌,2783429033,owSFoivANKnioz**,QQ音乐官方歌单,3317
24743,19492484,7261004907,华语| 青春回忆录,2783429033,owSFoivANKnioz**,QQ音乐官方歌单,3317
5365,4543731,7260953256,华语| 青春时光沙漏,2783429033,owSFoivANKnioz**,QQ音乐官方歌单,3317
523,98180,7260917282,2019成都简单生活节Simple Urban Plus,2783429033,owSFoivANKnioz**,QQ音乐官方歌单,3317
5548,2623471,7260869203,华语| 青春纪念册,2783429033,owSFoivANKnioz**,QQ音乐官方歌单,3317
44048,27411330,7260759086,华语| 恋上苦咖啡,2783429033,owSFoivANKnioz**,QQ音乐官方歌单,3317
2365,536496,7259580209,华语儿歌 | 陪你长大,2783429033,owSFoivANKnioz**,QQ音乐官方歌单,3317
4644,584486,7259519408,欧美| 卧室Party,2783429033,owSFoivANKnioz**,QQ音乐官方歌单,3317
9763,2606697,7259517985,欧美| Party进行时,2783429033,owSFoivANKnioz**,QQ音乐官方歌单,3317
1106,89986,7259515220,最·Yungblud,2783429033,owSFoivANKnioz**,QQ音乐官方歌单,3317
18383,8105357,7259467734,华语| 给自己的分手信,2783429033,owSFoivANKnioz**,QQ音乐官方歌单,3317
5200,4221174,7259466530,华语| 深情时光,2783429033,owSFoivANKnioz**,QQ音乐官方歌单,3317
1843,509426,7259390937,华语流行|我眼中的世界,2783429033,owSFoivANKnioz**,QQ音乐官方歌单,3317
4838,3045836,7259341621,华语 | 念念日记本,2783429033,owSFoivANKnioz**,QQ音乐官方歌单,3317
8641,3124502,7259340632,华语 | 撸猫进行时,2783429033,owSFoivANKnioz**,QQ音乐官方歌单,3317
2463,977413,7259271501,华语| 情感杂货铺,2783429033,owSFoivANKnioz**,QQ音乐官方歌单,3317
22241,5981446,7259235481,欧美| 无氧氮泵,2783429033,owSFoivANKnioz**,QQ音乐官方歌单,3317
3826,742095,7259080241,欧美| 假日旅行阳光,2783429033,owSFoivANKnioz**,QQ音乐官方歌单,3317
2062,255667,7259073159,欧美| 摇摆节奏,2783429033,owSFoivANKnioz**,QQ音乐官方歌单,3317
5635,1041668,7259064587,KPOP新声代,2783429033,owSFoivANKnioz**,QQ音乐官方歌单,3317
2951,361905,7259063764,KPOP3.0：个性三代团,2783429033,owSFoivANKnioz**,QQ音乐官方歌单,3317
10678,2607789,7259062792,KPOP2.0：传奇二代团,2783429033,owSFoivANKnioz**,QQ音乐官方歌单,3317
1790,180923,7259061954,KPOP1.0：开元一代团,2783429033,owSFoivANKnioz**,QQ音乐官方歌单,3317
3165,937332,7259060215,欧美| 惬意流行旋律,2783429033,owSFoivANKnioz**,QQ音乐官方歌单,3317
13925,3029751,7259055327,欧美| 快乐补充剂,2783429033,owSFoivANKnioz**,QQ音乐官方歌单,3317
18190,1515296,7259051129,最·吴青峰,2783429033,owSFoivANKnioz**,QQ音乐官方歌单,3317
20043,3058846,7258176711,最·Eminem,2783429033,owSFoivANKnioz**,QQ音乐官方歌单,3317
846,96814,7258175539,最·Thundercat,2783429033,owSFoivANKnioz**,QQ音乐官方歌单,3317
2332,411124,7258173377,最·Ne-Yo,2783429033,owSFoivANKnioz**,QQ音乐官方歌单,3317
2803,443558,7258172222,最·Snoop Dogg,2783429033,owSFoivANKnioz**,QQ音乐官方歌单,3317
26012,2704197,7258164291,英雄联盟十周年,2783429033,owSFoivANKnioz**,QQ音乐官方歌单,3317
14904,3243730,7258160908,欧美流行|温暖男声,2783429033,owSFoivANKnioz**,QQ音乐官方歌单,3317
2690,711104,7258158742,韩语 | 秋季,2783429033,owSFoivANKnioz**,QQ音乐官方歌单,3317
7084,2995057,7258094678,韩语经典名曲,2783429033,owSFoivANKnioz**,QQ音乐官方歌单,3317
2238,595443,7258076188,纯音| 秋之歌,2783429033,owSFoivANKnioz**,QQ音乐官方歌单,3317
31981,19929649,7258075215,欧美| 情绪激活,2783429033,owSFoivANKnioz**,QQ音乐官方歌单,3317
3387,502937,7258074304,古典| 清晨阳光,2783429033,owSFoivANKnioz**,QQ音乐官方歌单,3317
46753,14255028,7258073352,古典| 美妙心情,2783429033,owSFoivANKnioz**,QQ音乐官方歌单,3317
1209,607125,7258072364,华语| 深夜情歌,2783429033,owSFoivANKnioz**,QQ音乐官方歌单,3317
30928,23011694,7258069591,最·SUPER JUNIOR,2783429033,owSFoivANKnioz**,QQ音乐官方歌单,3317
369557,231595707,7256928516,最·陈奕迅,2783429033,owSFoivANKnioz**,QQ音乐官方歌单,3317
280868,162951199,7256920196,欧美| 流行轻有氧,2783429033,owSFoivANKnioz**,QQ音乐官方歌单,3317
17040,83901722,7256912512,欧美| 流行节奏控,2783429033,owSFoivANKnioz**,QQ音乐官方歌单,3317
3014,233704,7255845232,欧美摇滚||英伦当道-60年代,2783429033,owSFoivANKnioz**,QQ音乐官方歌单,3317
fav_cnt,play_cnt,tid,title,uin,encrypt_uin,nick,class
5298,773439,7255842469,欧美摇滚||继承与新生-21世纪,2783429033,owSFoivANKnioz**,QQ音乐官方歌单,3317
1230,94142,7255841063,欧美摇滚||混搭时代-90年代,2783429033,owSFoivANKnioz**,QQ音乐官方歌单,3317
3452,360570,7255839701,欧美摇滚||重摇风靡-80年代,2783429033,owSFoivANKnioz**,QQ音乐官方歌单,3317
3249,225492,7255838365,欧美摇滚||黄金年代-70年代,2783429033,owSFoivANKnioz**,QQ音乐官方歌单,3317
2477,340406,7255747569,日剧日影,2783429033,owSFoivANKnioz**,QQ音乐官方歌单,3317
905,72355,7255746469,J-ROCK NOW,2783429033,owSFoivANKnioz**,QQ音乐官方歌单,3317
3337,270529,7255745309,元气加油站,2783429033,owSFoivANKnioz**,QQ音乐官方歌单,3317
3271,335621,7255744246,日系| 秋の歌,2783429033,owSFoivANKnioz**,QQ音乐官方歌单,3317
4525,573736,7252275460,Rhythm+Flow美国星节奏,2783429033,owSFoivANKnioz**,QQ音乐官方歌单,3317
91174,50327192,7233601871,轻音乐| 安静舒缓,2783429033,owSFoivANKnioz**,QQ音乐官方歌单,3317
6129,790600,7232188175,国风电音,2783429033,owSFoivANKnioz**,QQ音乐官方歌单,3317
19241,3365106,7232003399,纯音图书馆,2783429033,owSFoivANKnioz**,QQ音乐官方歌单,3317
4369,156418,7227117549,CICF漫展官方歌单,2783429033,owSFoivANKnioz**,QQ音乐官方歌单,3317
2093,147973,7223088288,乐童音乐家私藏,2783429033,owSFoivANKnioz**,QQ音乐官方歌单,3317
22433,3504744,7223086710,最·乐童音乐家,2783429033,owSFoivANKnioz**,QQ音乐官方歌单,3317
4477,1567510,7217720898,晨跑活力站,2783429033,owSFoivANKnioz**,QQ音乐官方歌单,3317
4880,877772,7217671025,电音跑道,2783429033,owSFoivANKnioz**,QQ音乐官方歌单,3317
5001,877736,7212355898,Urban舞蹈BGM,2783429033,owSFoivANKnioz**,QQ音乐官方歌单,3317
10802,1983896,7210687104,URBAN慵懒调,2783429033,owSFoivANKnioz**,QQ音乐官方歌单,3317
5226,355144,7203603285,最·Gemie,2783429033,owSFoivANKnioz**,QQ音乐官方歌单,3317
12126,956149,7203594690,最·泽野弘之,2783429033,owSFoivANKnioz**,QQ音乐官方歌单,3317
4646,738364,7201997724,KROSSOVER,2783429033,owSFoivANKnioz**,QQ音乐官方歌单,3317
7155,1130168,7193081425,最·Nicki Minaj,2783429033,owSFoivANKnioz**,QQ音乐官方歌单,3317
1942,299037,7188372501,KSHMR私藏,2783429033,owSFoivANKnioz**,QQ音乐官方歌单,3317
683,192892,7185976452,新声BUFF站,2783429033,owSFoivANKnioz**,QQ音乐官方歌单,3317
15743,2852581,7181969005,韩语健身特辑,2783429033,owSFoivANKnioz**,QQ音乐官方歌单,3317
5405,529910,7179984190,令和次世代,2783429033,owSFoivANKnioz**,QQ音乐官方歌单,3317
5748,622526,7178114610,昭和流行,2783429033,owSFoivANKnioz**,QQ音乐官方歌单,3317
5532,719105,7177695060,平成物语,2783429033,owSFoivANKnioz**,QQ音乐官方歌单,3317
3806,368932,7169006375,GReeeeN私藏,2783429033,owSFoivANKnioz**,QQ音乐官方歌单,3317
7269,890386,7166098763,UrbanZ世代,2783429033,owSFoivANKnioz**,QQ音乐官方歌单,3317
2918,337183,7165890248,韩语Urban入门,2783429033,owSFoivANKnioz**,QQ音乐官方歌单,3317
8200,1330369,7165888629,欧美Urban入门,2783429033,owSFoivANKnioz**,QQ音乐官方歌单,3317
1731,139337,7163971704,Urban70年代,2783429033,owSFoivANKnioz**,QQ音乐官方歌单,3317
3070,398355,7163709536,Urban00年代,2783429033,owSFoivANKnioz**,QQ音乐官方歌单,3317
1592,203279,7163707093,Urban90年代,2783429033,owSFoivANKnioz**,QQ音乐官方歌单,3317
6256,1425725,7163707085,Urban新声代,2783429033,owSFoivANKnioz**,QQ音乐官方歌单,3317
1333,135773,7163704532,Urban80年代,2783429033,owSFoivANKnioz**,QQ音乐官方歌单,3317
24213,3144134,7156488014,Vicetone私藏,2783429033,owSFoivANKnioz**,QQ音乐官方歌单,3317
8455,1296468,7124575301,高燃BUFF,2783429033,owSFoivANKnioz**,QQ音乐官方歌单,3317
23266,2629315,7111370819,Begin Again：音乐继续,2783429033,owSFoivANKnioz**,QQ音乐官方歌单,3317
3293,476393,7100399712,SHOW ME THE MONEY 8,2783429033,owSFoivANKnioz**,QQ音乐官方歌单,3317
12843,1471503,7098348416,最·仓木麻衣,2783429033,owSFoivANKnioz**,QQ音乐官方歌单,3317
2980,446742,7096955248,港乐,2783429033,owSFoivANKnioz**,QQ音乐官方歌单,3317
4900,766071,7087835995,SummerVibes-夏日爵士,2783429033,owSFoivANKnioz**,QQ音乐官方歌单,3317
5399,611038,7087747817,Summer Vibes-夏日City pop,2783429033,owSFoivANKnioz**,QQ音乐官方歌单,3317
152952,38794210,7086316832,李荣浩私藏,2783429033,owSFoivANKnioz**,QQ音乐官方歌单,3317
391369,70668566,7078535043,最·Alan Walker,2783429033,owSFoivANKnioz**,QQ音乐官方歌单,3317
21657,4621187,7075493084,最·Bruno Mars,2783429033,owSFoivANKnioz**,QQ音乐官方歌单,3317
8378,2094057,7072864389,Summer Vibes-韩语夏日合辑,2783429033,owSFoivANKnioz**,QQ音乐官方歌单,3317
17795,1091740,7072756410,日系广告BGM,2783429033,owSFoivANKnioz**,QQ音乐官方歌单,3317
37217,3209080,7072209414,Alan Walker私藏,2783429033,owSFoivANKnioz**,QQ音乐官方歌单,3317
4681,534865,7071566737,金请夏私藏,2783429033,owSFoivANKnioz**,QQ音乐官方歌单,3317
4328,264419,7062228196,永远的Michael Jackson,2783429033,owSFoivANKnioz**,QQ音乐官方歌单,3317
3355,333056,7052706827,国际米兰足球俱乐部歌单,2783429033,owSFoivANKnioz**,QQ音乐官方歌单,3317
5740,521646,7049131132,SOMI私藏,2783429033,owSFoivANKnioz**,QQ音乐官方歌单,3317
4913,314322,7045798287,TizzyT私藏,2783429033,owSFoivANKnioz**,QQ音乐官方歌单,3317
1855,133281,7045722362,Kafe_Hu私藏,2783429033,owSFoivANKnioz**,QQ音乐官方歌单,3317
1805,215533,7045692988,ØZI私藏,2783429033,owSFoivANKnioz**,QQ音乐官方歌单,3317
5612,393458,7045664575,万妮达私藏,2783429033,owSFoivANKnioz**,QQ音乐官方歌单,3317
fav_cnt,play_cnt,tid,title,uin,encrypt_uin,nick,class
5118,282943,7042982805,YoungJack满舒克私藏,2783429033,owSFoivANKnioz**,QQ音乐官方歌单,3317
6386,1667999,7036499629,Summer Vibes,2783429033,owSFoivANKnioz**,QQ音乐官方歌单,3317
36497,12235188,7026515616,最·田馥甄,2783429033,owSFoivANKnioz**,QQ音乐官方歌单,3317
67493,31115789,7024211604,最·S.H.E,2783429033,owSFoivANKnioz**,QQ音乐官方歌单,3317
7016,1356123,7022192890,最·LEE HI,2783429033,owSFoivANKnioz**,QQ音乐官方歌单,3317
20192,1427554,7014288608,王俊凯的私藏儿歌,2783429033,owSFoivANKnioz**,QQ音乐官方歌单,3317
2498,570619,7014287332,声入人心男团的私藏儿歌,2783429033,owSFoivANKnioz**,QQ音乐官方歌单,3317
1800,711173,7014286081,好妹妹的私藏儿歌,2783429033,owSFoivANKnioz**,QQ音乐官方歌单,3317
3309,747931,7014286079,陈粒的私藏儿歌,2783429033,owSFoivANKnioz**,QQ音乐官方歌单,3317
1373,404336,7014284752,ANU的私藏儿歌,2783429033,owSFoivANKnioz**,QQ音乐官方歌单,3317
5418,431617,7013113888,LEE HI 私藏,2783429033,owSFoivANKnioz**,QQ音乐官方歌单,3317
8471,1503809,7004205337,月光留声,2783429033,owSFoivANKnioz**,QQ音乐官方歌单,3317
17342,4290866,7001036912,最·蔡依林,2783429033,owSFoivANKnioz**,QQ音乐官方歌单,3317
8966,538417,7001035571,草东没有派对私藏,2783429033,owSFoivANKnioz**,QQ音乐官方歌单,3317
1905,268157,7001035562,直火帮StraightFireGang私藏,2783429033,owSFoivANKnioz**,QQ音乐官方歌单,3317
1648,102637,7001034274,户川纯私藏,2783429033,owSFoivANKnioz**,QQ音乐官方歌单,3317
62161,9687629,6971180701,最·Ed Sheeran,2783429033,owSFoivANKnioz**,QQ音乐官方歌单,3317
82698,11998316,6971180695,最·Justin Bieber,2783429033,owSFoivANKnioz**,QQ音乐官方歌单,3317
8769,1053479,6966426033,最·圭贤,2783429033,owSFoivANKnioz**,QQ音乐官方歌单,3317
2082,462950,6964963217,2019麦田音乐节北京站,2783429033,owSFoivANKnioz**,QQ音乐官方歌单,3317
1285,323253,6959355645,五百里音乐节,2783429033,owSFoivANKnioz**,QQ音乐官方歌单,3317
10257,1475670,6952757173,Dua Lipa私藏,2783429033,owSFoivANKnioz**,QQ音乐官方歌单,3317
23678,2034581,6949950737,权力的游戏,2783429033,owSFoivANKnioz**,QQ音乐官方歌单,3317
147148,18403699,6949912448,最·Taylor Swift,2783429033,owSFoivANKnioz**,QQ音乐官方歌单,3317
8441,1742580,6942769576,Snoop Dogg 精选,2783429033,owSFoivANKnioz**,QQ音乐官方歌单,3317
7617,1442814,6942323179,Dash Hip-Hop X,2783429033,owSFoivANKnioz**,QQ音乐官方歌单,3317
5023,1345149,6938032848,2019贵阳草莓音乐节,2783429033,owSFoivANKnioz**,QQ音乐官方歌单,3317
7458,786377,6918403156,霓虹说唱大赏,2783429033,owSFoivANKnioz**,QQ音乐官方歌单,3317
2917,1361364,6917541581,华语独立 | 听觉属性,2783429033,owSFoivANKnioz**,QQ音乐官方歌单,3317
4789,482233,6917540737,ACG | 活力充电,2783429033,owSFoivANKnioz**,QQ音乐官方歌单,3317
9833,1328212,6917540736,日语 | 情绪加油站,2783429033,owSFoivANKnioz**,QQ音乐官方歌单,3317
4148,296983,6914150646,你好披头士,2783429033,owSFoivANKnioz**,QQ音乐官方歌单,3317
17271,2566006,6814499507,苏格兰 - 独立音乐,2783429033,owSFoivANKnioz**,QQ音乐官方歌单,3317
10033,2078671,6814147235,黑泡Made In China,2783429033,owSFoivANKnioz**,QQ音乐官方歌单,3317
24545,4575827,6811565820,韩国说唱集结地,2783429033,owSFoivANKnioz**,QQ音乐官方歌单,3317
7425,6107318,6805257347,春天在哪里,2783429033,owSFoivANKnioz**,QQ音乐官方歌单,3317
14479,1127510,6796799114,唱片评审团,2783429033,owSFoivANKnioz**,QQ音乐官方歌单,3317
5315,611535,6558114366,古典过新年,2783429033,owSFoivANKnioz**,QQ音乐官方歌单,3317
25578,5285651,6474117513,轻音乐 | 松弛柔板,2783429033,owSFoivANKnioz**,QQ音乐官方歌单,3317
17201,2340102,6229206509,英伦独立概念集,2783429033,owSFoivANKnioz**,QQ音乐官方歌单,3317
11434,1896135,6227751694,音乐采样教室,2783429033,owSFoivANKnioz**,QQ音乐官方歌单,3317
251985,49204025,6223374087,轻音乐| 耳间森林,2783429033,owSFoivANKnioz**,QQ音乐官方歌单,3317
19891,4612440,6209100170,Bossa Nova,2783429033,owSFoivANKnioz**,QQ音乐官方歌单,3317
70487,10285198,6192858041,古典轻方式,2783429033,owSFoivANKnioz**,QQ音乐官方歌单,3317
36309,12486764,5814179406,圣诞快乐,2783429033,owSFoivANKnioz**,QQ音乐官方歌单,3317
157054,53684174,5784955636,流行发电站,2783429033,owSFoivANKnioz**,QQ音乐官方歌单,3317
213286,65901132,5672521106,心灵疗愈所,2783429033,owSFoivANKnioz**,QQ音乐官方歌单,3317
34379,24601651,5656770597,陪你过冬天,2783429033,owSFoivANKnioz**,QQ音乐官方歌单,3317
35035,9119857,5563591003,轻音乐 | 柔软的耳朵,2783429033,owSFoivANKnioz**,QQ音乐官方歌单,3317
113803,69402029,5543572906,我唱我,2783429033,owSFoivANKnioz**,QQ音乐官方歌单,3317
30755,8611137,5543572804,老派R＆B,2783429033,owSFoivANKnioz**,QQ音乐官方歌单,3317
263603,85603320,5522665753,方向盘麦克风,2783429033,owSFoivANKnioz**,QQ音乐官方歌单,3317
560097,160853305,5510639876,古韵,2783429033,owSFoivANKnioz**,QQ音乐官方歌单,3317
25560,5956258,5488320449,韩国独立音乐,2783429033,owSFoivANKnioz**,QQ音乐官方歌单,3317
14118,2952850,5488320444,后朋克浪潮,2783429033,owSFoivANKnioz**,QQ音乐官方歌单,3317
33866,5355855,5482921294,电音| DUBSTEP,2783429033,owSFoivANKnioz**,QQ音乐官方歌单,3317
106136,22107709,5482905123,另类迷醉指南,2783429033,owSFoivANKnioz**,QQ音乐官方歌单,3317
461329,356993216,5474239760,如果思念有声音,2783429033,owSFoivANKnioz**,QQ音乐官方歌单,3317
22205,5355412,5471735201,古典新鲜味,2783429033,owSFoivANKnioz**,QQ音乐官方歌单,3317
4374,585730,5360176735,万圣节什么鬼,2783429033,owSFoivANKnioz**,QQ音乐官方歌单,3317
fav_cnt,play_cnt,tid,title,uin,encrypt_uin,nick,class
10196,6284210,5141207753,秋日暖歌,2783429033,owSFoivANKnioz**,QQ音乐官方歌单,3317
519683,154498271,5123434875,神曲洗脑机,2783429033,owSFoivANKnioz**,QQ音乐官方歌单,3317
340976,94936234,5109299040,民谣诗酒铺,2783429033,owSFoivANKnioz**,QQ音乐官方歌单,3317
23816,9370050,5109267378,下班最来劲,2783429033,owSFoivANKnioz**,QQ音乐官方歌单,3317
29639,5380593,5109263880,人行道BGM,2783429033,owSFoivANKnioz**,QQ音乐官方歌单,3317
145665,43846227,5109263873,热浪电音,2783429033,owSFoivANKnioz**,QQ音乐官方歌单,3317
54200,11782217,5109260208,银河电音,2783429033,owSFoivANKnioz**,QQ音乐官方歌单,3317
44951,7288897,5082828275,雅痞社交名片,2783429033,owSFoivANKnioz**,QQ音乐官方歌单,3317
13347,2004013,4977179619,超级闹铃,2783429033,owSFoivANKnioz**,QQ音乐官方歌单,3317
350253,182210058,4976794626,深夜安眠曲,2783429033,owSFoivANKnioz**,QQ音乐官方歌单,3317
401588,253768819,4971009529,失恋解药,2783429033,owSFoivANKnioz**,QQ音乐官方歌单,3317
4613,500341,4570183777,SHOW ME THE MONEY 777 预热,2783429033,owSFoivANKnioz**,QQ音乐官方歌单,3317
550979,392183327,4265836682,一个人的恋爱,2783429033,owSFoivANKnioz**,QQ音乐官方歌单,3317
18928,4669138,4265836410,周末慵懒调,2783429033,owSFoivANKnioz**,QQ音乐官方歌单,3317
35413,9831685,4265836223,电音| 夜行动物,2783429033,owSFoivANKnioz**,QQ音乐官方歌单,3317
298146,64543400,4265835996,效率加速器,2783429033,owSFoivANKnioz**,QQ音乐官方歌单,3317
47446,6229375,4265835703,深度专注,2783429033,owSFoivANKnioz**,QQ音乐官方歌单,3317
14763,3968985,4265835527,通勤沙丁鱼,2783429033,owSFoivANKnioz**,QQ音乐官方歌单,3317
260566,45560731,4265835433,专注白噪音,2783429033,owSFoivANKnioz**,QQ音乐官方歌单,3317
43124,16790262,4265835308,瑜伽自然,2783429033,owSFoivANKnioz**,QQ音乐官方歌单,3317
267465,181689802,4265834987,万能流行定律,2783429033,owSFoivANKnioz**,QQ音乐官方歌单,3317
218510,93680867,4265834814,慢跑随身听,2783429033,owSFoivANKnioz**,QQ音乐官方歌单,3317
22150,4750272,4265834654,爵士女伶,2783429033,owSFoivANKnioz**,QQ音乐官方歌单,3317
35983,10939345,4265834255,不正常人类研究,2783429033,owSFoivANKnioz**,QQ音乐官方歌单,3317
116859,54307882,4265834129,Urban Beats|城市节拍器,2783429033,owSFoivANKnioz**,QQ音乐官方歌单,3317
86488,30374393,4265833948,都市空巢青年,2783429033,owSFoivANKnioz**,QQ音乐官方歌单,3317
91861,17532514,4264151684,爵士小酒馆,2783429033,owSFoivANKnioz**,QQ音乐官方歌单,3317
233373,54461531,4264151471,孤独症候群,2783429033,owSFoivANKnioz**,QQ音乐官方歌单,3317
97870,68069094,4264151267,浴室KTV,2783429033,owSFoivANKnioz**,QQ音乐官方歌单,3317
35317,19774336,4264151189,蓝色星期二,2783429033,owSFoivANKnioz**,QQ音乐官方歌单,3317
128019,58347132,4264151108,情绪燃料,2783429033,owSFoivANKnioz**,QQ音乐官方歌单,3317
52649,35198221,4264150862,早安城市,2783429033,owSFoivANKnioz**,QQ音乐官方歌单,3317
58489,36588659,4264149738,流行相对论,2783429033,owSFoivANKnioz**,QQ音乐官方歌单,3317
19640,8809397,4264149631,饭饭之辈,2783429033,owSFoivANKnioz**,QQ音乐官方歌单,3317
34932,23897365,4264149495,日光倾城,2783429033,owSFoivANKnioz**,QQ音乐官方歌单,3317
50537,13933743,4264149090,爵士咖啡茶,2783429033,owSFoivANKnioz**,QQ音乐官方歌单,3317
44839,11972959,4264148910,摇滚不佛系,2783429033,owSFoivANKnioz**,QQ音乐官方歌单,3317
189231,61411181,4264148500,火星电音趴,2783429033,owSFoivANKnioz**,QQ音乐官方歌单,3317
135676,53871438,4264148352,雨中城市,2783429033,owSFoivANKnioz**,QQ音乐官方歌单,3317
48183,7105403,4264147762,卧室弛放法则,2783429033,owSFoivANKnioz**,QQ音乐官方歌单,3317
14565,3303640,4162476714,编辑推荐：经典日漫,2783429033,owSFoivANKnioz**,QQ音乐官方歌单,3317
249315,46999078,4160957928,国漫,2783429033,owSFoivANKnioz**,QQ音乐官方歌单,3317
4433,415059,4159859782,编辑推荐：蒸汽波新歌,2783429033,owSFoivANKnioz**,QQ音乐官方歌单,3317
1345,100638,4158368170,编辑推荐：City Pop热歌,2783429033,owSFoivANKnioz**,QQ音乐官方歌单,3317
631,56465,4158367575,编辑推荐：City Pop新歌,2783429033,owSFoivANKnioz**,QQ音乐官方歌单,3317
3657,281117,4158270025,编辑推荐：蒸汽波热歌,2783429033,owSFoivANKnioz**,QQ音乐官方歌单,3317
3579,789216,4131849862,编辑推荐：经典布鲁斯,2783429033,owSFoivANKnioz**,QQ音乐官方歌单,3317
3377,1091330,4131734067,编辑推荐：布鲁斯热歌,2783429033,owSFoivANKnioz**,QQ音乐官方歌单,3317
1574,408915,4131474360,编辑推荐：民谣布鲁斯,2783429033,owSFoivANKnioz**,QQ音乐官方歌单,3317
1864,305046,4131393967,编辑推荐：布鲁斯摇滚,2783429033,owSFoivANKnioz**,QQ音乐官方歌单,3317
12097,3796601,4093807230,编辑推荐：欧美民谣热歌,2783429033,owSFoivANKnioz**,QQ音乐官方歌单,3317
2840,450345,4074941492,编辑推荐：独立民谣,2783429033,owSFoivANKnioz**,QQ音乐官方歌单,3317
7167,1657059,4069244065,编辑推荐：经典说唱,2783429033,owSFoivANKnioz**,QQ音乐官方歌单,3317
22962,7028233,4068730833,编辑推荐：电音新歌,2783429033,owSFoivANKnioz**,QQ音乐官方歌单,3317
51564,18149182,4068725244,编辑推荐：EDM热歌,2783429033,owSFoivANKnioz**,QQ音乐官方歌单,3317
3591,780181,4068153571,编辑推荐：说唱新生代,2783429033,owSFoivANKnioz**,QQ音乐官方歌单,3317
7072,993822,4067453803,编辑推荐：优质Techno,2783429033,owSFoivANKnioz**,QQ音乐官方歌单,3317
6621,1665488,4067453449,编辑推荐：优质House,2783429033,owSFoivANKnioz**,QQ音乐官方歌单,3317
17621,5017871,4067277243,编辑推荐：说唱热歌,2783429033,owSFoivANKnioz**,QQ音乐官方歌单,3317
2952,590632,4066705927,编辑推荐：摇滚冷门好歌,2783429033,owSFoivANKnioz**,QQ音乐官方歌单,3317
fav_cnt,play_cnt,tid,title,uin,encrypt_uin,nick,class
6161,1685947,4066705797,编辑推荐：经典摇滚,2783429033,owSFoivANKnioz**,QQ音乐官方歌单,3317
11651,4898028,4066670907,编辑推荐：摇滚热歌,2783429033,owSFoivANKnioz**,QQ音乐官方歌单,3317
2342,938225,4066670449,编辑推荐：摇滚新生代,2783429033,owSFoivANKnioz**,QQ音乐官方歌单,3317
38480,7538762,4055215703,编辑推荐：古风冷门,2783429033,owSFoivANKnioz**,QQ音乐官方歌单,3317
94043,29493834,4055203913,编辑推荐：古风代表作,2783429033,owSFoivANKnioz**,QQ音乐官方歌单,3317
275406,130437149,4055192225,编辑推荐：2018古风热歌,2783429033,owSFoivANKnioz**,QQ音乐官方歌单,3317
53003,22121013,4055174648,编辑推荐：2018古风新歌,2783429033,owSFoivANKnioz**,QQ音乐官方歌单,3317
2865,796487,4055133387,编辑推荐：Cool爵士,2783429033,owSFoivANKnioz**,QQ音乐官方歌单,3317
1795,468630,4055121260,编辑推荐：爵士新生代,2783429033,owSFoivANKnioz**,QQ音乐官方歌单,3317
7081,2283503,4055105209,编辑推荐：爵士热歌,2783429033,owSFoivANKnioz**,QQ音乐官方歌单,3317
5511,1334058,4055090589,编辑推荐：经典爵士,2783429033,owSFoivANKnioz**,QQ音乐官方歌单,3317
5561,1590503,4047989393,编辑推荐：Urban R&B,2783429033,owSFoivANKnioz**,QQ音乐官方歌单,3317
9087,3721766,4046745080,编辑推荐：R&B热歌,2783429033,owSFoivANKnioz**,QQ音乐官方歌单,3317
5047,726845,4046570655,轻松节奏，一键切换好心情,2783429033,owSFoivANKnioz**,QQ音乐官方歌单,3317
2942,1009569,4009079541,编辑推荐：R&B新生代,2783429033,owSFoivANKnioz**,QQ音乐官方歌单,3317
49125,19004621,3990998956,编辑推荐：中文说唱,2783429033,owSFoivANKnioz**,QQ音乐官方歌单,3317
1996,463696,3968867083,编辑推荐：经典R&B,2783429033,owSFoivANKnioz**,QQ音乐官方歌单,3317
8377,1759974,3948869431,编辑推荐：经典民谣,2783429033,owSFoivANKnioz**,QQ音乐官方歌单,3317
41574,18779051,3947229403,编辑推荐：华语民谣新歌,2783429033,owSFoivANKnioz**,QQ音乐官方歌单,3317
7740,1386130,3859983680,编辑推荐：跨界古典,2783429033,owSFoivANKnioz**,QQ音乐官方歌单,3317
44751,4513012,3859983395,古典也通俗,2783429033,owSFoivANKnioz**,QQ音乐官方歌单,3317
951834,635996905,3852384020,深度睡眠,2783429033,owSFoivANKnioz**,QQ音乐官方歌单,3317
128878,78736794,3852383664,好梦一夜游,2783429033,owSFoivANKnioz**,QQ音乐官方歌单,3317
56338,19743484,3850943041,编辑推荐：提高效率,2783429033,owSFoivANKnioz**,QQ音乐官方歌单,3317
214218,82230040,3850942039,编辑推荐：学习工作,2783429033,owSFoivANKnioz**,QQ音乐官方歌单,3317
54401,51908399,3849363111,编辑推荐：器乐独奏,2783429033,owSFoivANKnioz**,QQ音乐官方歌单,3317
493030,278356829,3849362943,轻音乐 | 舒压氧舱,2783429033,owSFoivANKnioz**,QQ音乐官方歌单,3317
4206,989016,3847813157,编辑推荐：日语影视,2783429033,owSFoivANKnioz**,QQ音乐官方歌单,3317
6127,3588035,3846426255,编辑推荐：韩语影视,2783429033,owSFoivANKnioz**,QQ音乐官方歌单,3317
21701,36648119,3846422626,编辑推荐：华语影视,2783429033,owSFoivANKnioz**,QQ音乐官方歌单,3317
8837,3904578,3846353330,编辑推荐：欧美影视,2783429033,owSFoivANKnioz**,QQ音乐官方歌单,3317
5050,2124706,3839829573,编辑推荐：粤语新生代,2783429033,owSFoivANKnioz**,QQ音乐官方歌单,3317
44868,28900148,3839750080,编辑推荐：粤语代表作,2783429033,owSFoivANKnioz**,QQ音乐官方歌单,3317
11270,7016249,3839733336,编辑推荐：粤语新歌,2783429033,owSFoivANKnioz**,QQ音乐官方歌单,3317
51859,36858602,3839728423,编辑推荐：粤语热歌,2783429033,owSFoivANKnioz**,QQ音乐官方歌单,3317
84159,12359547,3838219942,日漫新番,2783429033,owSFoivANKnioz**,QQ音乐官方歌单,3317
45959,29582597,3838149985,编辑推荐：韩语热歌,2783429033,owSFoivANKnioz**,QQ音乐官方歌单,3317
20417,6949771,3838131965,编辑推荐：韩语新歌,2783429033,owSFoivANKnioz**,QQ音乐官方歌单,3317
10911,3455323,3836931706,编辑推荐：韩语非主打好歌,2783429033,owSFoivANKnioz**,QQ音乐官方歌单,3317
73227,20857674,3836586122,编辑推荐：日语热歌,2783429033,owSFoivANKnioz**,QQ音乐官方歌单,3317
30766,7286232,3836585494,编辑推荐：日语代表作,2783429033,owSFoivANKnioz**,QQ音乐官方歌单,3317
8974,1970206,3836558154,编辑推荐：日语新歌,2783429033,owSFoivANKnioz**,QQ音乐官方歌单,3317
23213,6010380,3835270312,编辑推荐：欧美冷门精选,2783429033,owSFoivANKnioz**,QQ音乐官方歌单,3317
91100,39404082,3835010026,编辑推荐：欧美代表作,2783429033,owSFoivANKnioz**,QQ音乐官方歌单,3317
154136,88663150,3834977794,编辑推荐：欧美热歌,2783429033,owSFoivANKnioz**,QQ音乐官方歌单,3317
43707,19535841,3834973371,编辑推荐：欧美新歌,2783429033,owSFoivANKnioz**,QQ音乐官方歌单,3317
10235,3622149,3834026449,编辑推荐：国语冷门精选,2783429033,owSFoivANKnioz**,QQ音乐官方歌单,3317
45714,30155024,3833856662,编辑推荐：国语代表作,2783429033,owSFoivANKnioz**,QQ音乐官方歌单,3317
74191,57187542,3833853300,编辑推荐：国语热歌,2783429033,owSFoivANKnioz**,QQ音乐官方歌单,3317
13063,9441431,3833852575,编辑推荐：国语新歌,2783429033,owSFoivANKnioz**,QQ音乐官方歌单,3317
